NAME,POP
"Barber, Kansas, US",4427
"Dickinson, Kansas, US",18466
"Jefferson, Kansas, US",19043
"Greenup, Kentucky, US",35098
"Fleming, Kentucky, US",14581
"Carter, Kentucky, US",26797
"Grant, Kentucky, US",25069
"Jefferson, Kentucky, US",766757
"Logan, Kentucky, US",27102
"Mason, Kentucky, US",17070
"Pendleton, Kentucky, US",14590
"Robertson, Kentucky, US",2108
"Spencer, Kentucky, US",19351
"Bath, Kentucky, US",12500
"Ballard, Kentucky, US",7888
"Boyle, Kentucky, US",30060
"Green, Kentucky, US",10941
"Harlan, Kentucky, US",26010
"Martin, Kentucky, US",11195
"Lincoln, Kentucky, US",24549
"Monroe, Kentucky, US",10650
"Ohio, Kentucky, US",23994
"Union, Kentucky, US",14381
"Webster, Kentucky, US",12942
"Emmet, Michigan, US",33415
"Koochiching, Minnesota, US",12229
"Morrison, Minnesota, US",33386
"Pennington, Minnesota, US",14119
"Steele, Minnesota, US",36649
"Wilkin, Minnesota, US",6207
"Aitkin, Minnesota, US",15886
"Faribault, Minnesota, US",13653
"Murray, Minnesota, US",8194
"Kandiyohi, Minnesota, US",43199
"Lake, Minnesota, US",10641
"Rock, Minnesota, US",9315
"Roseau, Minnesota, US",15165
"Traverse, Minnesota, US",3259
"Becker, Minnesota, US",34423
"Hennepin, Minnesota, US",1265843
"Brown, Minnesota, US",25008
"Chippewa, Minnesota, US",11800
"Clearwater, Minnesota, US",8818
"Goodhue, Minnesota, US",46340
"Isanti, Minnesota, US",40596
"Jackson, Minnesota, US",9846
"Mower, Minnesota, US",40062
"Pine, Minnesota, US",29579
"Olmsted, Minnesota, US",158293
"Wadena, Minnesota, US",13682
"Benton, Minnesota, US",40889
"Freeborn, Minnesota, US",30281
"Itasca, Minnesota, US",45130
"Pope, Minnesota, US",11249
"Stevens, Minnesota, US",9805
"Swift, Minnesota, US",9266
"Cottonwood, Minnesota, US",11196
"Scott, Minnesota, US",149013
"Wabasha, Minnesota, US",21627
"Pipestone, Minnesota, US",9126
"Norman, Minnesota, US",6375
"Nicollet, Minnesota, US",34274
"Lincoln, Arkansas, US",13024
"Crittenden, Arkansas, US",47955
"Faulkner, Arkansas, US",126007
"Marion, Arkansas, US",16694
"Searcy, Arkansas, US",7881
"Benton, Arkansas, US",279141
"Hot Spring, Arkansas, US",33771
"Madison, Arkansas, US",16576
"Lafayette, Arkansas, US",6624
"Phillips, Arkansas, US",17782
"Yell, Arkansas, US",21341
"Bradley, Arkansas, US",10763
"Polk, Arkansas, US",19964
"Ouachita, Arkansas, US",23382
"Little River, Arkansas, US",12259
"Miller, Arkansas, US",43257
"Marshall, Kansas, US",9707
"Allen, Kansas, US",12369
"Cheyenne, Kansas, US",2657
"Cowley, Kansas, US",34908
"Elk, Kansas, US",2530
"Franklin, Kansas, US",25544
"Hodgeman, Kansas, US",1794
"Jewell, Kansas, US",2879
"Rice, Kansas, US",9537
"Stafford, Kansas, US",4156
"Osage, Kansas, US",15949
"Coffey, Kansas, US",8179
"Crawford, Kansas, US",38818
"Greenwood, Kansas, US",5982
"Labette, Kansas, US",19618
"Sedgwick, Kansas, US",516042
"Republic, Kansas, US",4636
"Graham, Kansas, US",2482
"Douglas, Kansas, US",122259
"Sheridan, Kansas, US",2521
"Gray, Kansas, US",5988
"Cumberland, Pennsylvania, US",253370
"Allegheny, Pennsylvania, US",1216045
"Westmoreland, Pennsylvania, US",348899
"Forest, Pennsylvania, US",7247
"Blair, Pennsylvania, US",121829
"Lawrence, Pennsylvania, US",85512
"Bradford, Pennsylvania, US",60323
"Cambria, Pennsylvania, US",130192
"Chester, Pennsylvania, US",524989
"Berks, Pennsylvania, US",421164
"Mifflin, Pennsylvania, US",46138
"Mercer, Missouri, US",3617
"Wright, Missouri, US",18289
"Clay, Missouri, US",249948
"Dent, Missouri, US",15573
"Saline, Missouri, US",22761
"Worth, Missouri, US",2013
"Grundy, Missouri, US",9850
"Morgan, Missouri, US",20627
"Reynolds, Missouri, US",6270
"St. Louis, Missouri, US",994205
"Stone, Missouri, US",31952
"Barry, Missouri, US",35789
"Boone, Missouri, US",180463
"Cole, Missouri, US",76745
"Crawford, Missouri, US",23920
"Iron, Missouri, US",10125
"Livingston, Missouri, US",15227
"Moniteau, Missouri, US",16132
"Pemiscot, Missouri, US",15805
"Pettis, Missouri, US",42339
"Shannon, Missouri, US",8166
"Randolph, Missouri, US",24748
"Dunklin, Missouri, US",29131
"Franklin, Missouri, US",103967
"Howard, Missouri, US",10001
"Jackson, Missouri, US",703011
"Miller, Missouri, US",25619
"Putnam, Missouri, US",4696
"Taney, Missouri, US",55928
"Buchanan, Missouri, US",87364
"Caldwell, Missouri, US",9020
"Cass, Missouri, US",105780
"Clinton, Missouri, US",20387
"Dallas, Missouri, US",16878
"Hickory, Missouri, US",9544
"Lincoln, Missouri, US",59013
"Monroe, Missouri, US",8644
"Newton, Missouri, US",58236
"Pike, Missouri, US",18302
"Ector, Texas, US",166223
"Garza, Texas, US",6229
"Glasscock, Texas, US",1409
"Grimes, Texas, US",28880
"Angelina, Texas, US",86715
"Hays, Texas, US",230191
"Brazoria, Texas, US",374264
"Donley, Texas, US",3278
"Atascosa, Texas, US",51153
"Nolan, Texas, US",14714
"Parmer, Texas, US",9605
"Parker, Texas, US",142878
"Presidio, Texas, US",6704
"Val Verde, Texas, US",49025
"Culberson, Texas, US",2171
"Collin, Texas, US",1034730
"Cottle, Texas, US",1398
"Hudspeth, Texas, US",4886
"Harrison, Texas, US",66553
"Menard, Texas, US",2138
"Fayette, Texas, US",25346
"Hutchinson, Texas, US",20938
"Morris, Texas, US",12388
"Orange, Texas, US",83396
"Harris, Texas, US",4713325
"Gillespie, Texas, US",26988
"Dallas, Texas, US",2635516
"McMullen, Texas, US",743
"Johnson, Texas, US",175817
"Hopkins, Texas, US",37084
"Ochiltree, Texas, US",9836
"McLennan, Texas, US",256623
"Concho, Texas, US",2726
"Edwards, Texas, US",1932
"Eastland, Texas, US",18360
"Jeff Davis, Texas, US",2274
"Jim Hogg, Texas, US",5200
"Montgomery, Texas, US",607391
"Dimmit, Texas, US",10124
"Armstrong, Texas, US",1887
"Cooke, Texas, US",41257
"Crosby, Texas, US",5737
"Fisher, Texas, US",3830
"Duval, Texas, US",11157
"Blanco, Texas, US",11931
"Jasper, Texas, US",35529
"Jefferson, Texas, US",251565
"Kinney, Texas, US",3667
"Ward, Texas, US",11998
"Williamson, Texas, US",590551
"Winkler, Texas, US",8010
"Young, Texas, US",18010
"Webb, Texas, US",276652
"Burnet, Texas, US",48155
"Castro, Texas, US",7530
"Knox, Texas, US",3664
"Kleberg, Texas, US",30680
"Oldham, Texas, US",2112
"Lamb, Texas, US",12893
"Lipscomb, Texas, US",3233
"McCulloch, Texas, US",7984
"Montgomery, Illinois, US",28414
"Whiteside, Illinois, US",55175
"Adams, Illinois, US",65435
"Clinton, Illinois, US",37562
"DeKalb, Illinois, US",104897
"Edwards, Illinois, US",6395
"Jasper, Illinois, US",9610
"Jefferson, Illinois, US",37684
"Vermilion, Illinois, US",75758
"Will, Illinois, US",690743
"Williamson, Illinois, US",66597
"Clark, Illinois, US",15441
"Douglas, Illinois, US",19465
"Effingham, Illinois, US",34008
"Fulton, Illinois, US",34340
"Greene, Illinois, US",12969
"Hamilton, Illinois, US",8116
"Hardin, Illinois, US",3821
"Henry, Illinois, US",48913
"Johnson, Illinois, US",12417
"Knox, Illinois, US",49699
"Cape Girardeau, Missouri, US",78871
"Pontotoc, Oklahoma, US",38284
"Roger Mills, Oklahoma, US",3583
"Woodward, Oklahoma, US",20211
"Cherokee, Oklahoma, US",48657
"Delaware, Oklahoma, US",43009
"Ellis, Oklahoma, US",3859
"Grady, Oklahoma, US",55834
"Payne, Oklahoma, US",81784
"Pottawatomie, Oklahoma, US",72592
"Creek, Oklahoma, US",71522
"Tillman, Oklahoma, US",7250
"Washita, Oklahoma, US",10916
"Cotton, Oklahoma, US",5666
"Kiowa, Oklahoma, US",8708
"Le Flore, Oklahoma, US",49853
"McCurtain, Oklahoma, US",32832
"Major, Oklahoma, US",7629
"Mayes, Oklahoma, US",41100
"Oklahoma, Oklahoma, US",797434
"Custer, Oklahoma, US",29003
"Love, Oklahoma, US",10253
"Beckham, Oklahoma, US",21859
"Choctaw, Oklahoma, US",14672
"Jackson, Oklahoma, US",24530
"Lincoln, Oklahoma, US",34877
"Pawnee, Oklahoma, US",16376
"Seminole, Oklahoma, US",24258
"Cimarron, Oklahoma, US",2137
"Blaine, Oklahoma, US",9429
"Coal, Oklahoma, US",5495
"Grant, Oklahoma, US",4333
"Kingfisher, Oklahoma, US",15765
"McClain, Oklahoma, US",40474
"Marshall, Oklahoma, US",16931
"Noble, Oklahoma, US",11131
"Nowata, Oklahoma, US",10076
"Rogers, Oklahoma, US",92459
"Sequoyah, Oklahoma, US",41569
"Alfalfa, Oklahoma, US",5702
"Woods, Oklahoma, US",8793
"Cleveland, Oklahoma, US",284014
"Okfuskee, Oklahoma, US",11993
"St. Charles, Missouri, US",402022
"Atoka, Oklahoma, US",13758
"Union, Oregon, US",26835
"Marion, Oregon, US",347818
"Douglas, Oregon, US",110980
"Jefferson, Oregon, US",24658
"Polk, Oregon, US",86085
"Deschutes, Oregon, US",197692
"Mason, Texas, US",4274
"Dickens, Texas, US",2211
"Lee, Texas, US",17239
"Tarrant, Texas, US",2102515
"Anderson, Texas, US",57735
"Ellis, Texas, US",184826
"Jackson, Texas, US",14760
"Kerr, Texas, US",52600
"Milam, Texas, US",24823
"Comanche, Texas, US",13635
"Falls, Texas, US",17297
"Brooks, Texas, US",7093
"Austin, Texas, US",30032
"Kenedy, Texas, US",404
"Colorado, Texas, US",21493
"San Patricio, Texas, US",66730
"Randall, Texas, US",137713
"San Saba, Texas, US",6055
"Schleicher, Texas, US",2793
"Zavala, Texas, US",11840
"Calhoun, Texas, US",21290
"Foard, Texas, US",1155
"Goliad, Texas, US",7658
"Hamilton, Texas, US",8461
"Mitchell, Texas, US",8545
"Titus, Texas, US",32750
"Lavaca, Texas, US",20154
"Terry, Texas, US",12337
"Wise, Texas, US",69984
"Matagorda, Texas, US",36643
"Pecos, Texas, US",15823
"Rockwall, Texas, US",104915
"Taylor, Texas, US",138034
"Throckmorton, Texas, US",1501
"Walker, Texas, US",72971
"Wood, Texas, US",45539
"Aransas, Texas, US",23510
"Cochran, Texas, US",2853
"Coke, Texas, US",3387
"Coryell, Texas, US",75951
"Hemphill, Texas, US",3819
"Moore, Texas, US",20940
"Potter, Texas, US",117415
"San Augustine, Texas, US",8237
"Shackelford, Texas, US",3265
"Starr, Texas, US",64633
"Upton, Texas, US",3657
"Brown, Texas, US",37864
"Hall, Texas, US",2964
"Franklin, Texas, US",10725
"Frio, Texas, US",20306
"Lampasas, Texas, US",21428
"Orleans, Vermont, US",27037
"Grand Isle, Vermont, US",7235
"Chittenden, Vermont, US",163774
"Lamoille, Vermont, US",25362
"Franklin, Vermont, US",49402
"Caledonia, Vermont, US",29993
"Windham, Vermont, US",42222
"Bennington, Vermont, US",35470
"Monroe, Alabama, US",20733
"Windham, Connecticut, US",116782
"New London, Connecticut, US",265206
"Middlesex, Connecticut, US",162436
"Tolland, Connecticut, US",150721
"Fairfield, Connecticut, US",943332
"Washington, Florida, US",25473
"Duval, Florida, US",957755
"Bradford, Florida, US",28201
"Brevard, Florida, US",601942
"Clay, Florida, US",219252
"Lafayette, Florida, US",8422
"Lake, Florida, US",367118
"Nassau, Florida, US",88625
"Pinellas, Florida, US",974996
"Polk, Florida, US",724777
"St. Lucie, Florida, US",328297
"Glades, Florida, US",13811
"Hendry, Florida, US",42022
"Indian River, Florida, US",159923
"Jackson, Florida, US",46414
"St. Johns, Florida, US",264672
"Seminole, Florida, US",471826
"Bay, Florida, US",174705
"Flagler, Florida, US",115081
"Gulf, Florida, US",13639
"Liberty, Florida, US",8354
"Osceola, Florida, US",375751
"Walton, Florida, US",74071
"Gadsden, Florida, US",45660
"Jefferson, Florida, US",14246
"Marion, Florida, US",365579
"Hardee, Florida, US",26937
"Okeechobee, Florida, US",42168
"Orange, Florida, US",1393452
"Gilchrist, Florida, US",18582
"Suwannee, Florida, US",44417
"Alachua, Florida, US",269043
"Calhoun, Florida, US",14105
"Charlotte, Florida, US",188910
"Dixie, Florida, US",16826
"Martin, Florida, US",161000
"Sarasota, Florida, US",433742
"Manatee, Florida, US",403253
"Yamhill, Oregon, US",107100
"Baker, Oregon, US",16124
"Klamath, Oregon, US",68238
"Lincoln, Oregon, US",49962
"Benton, Oregon, US",93053
"Crook, Oregon, US",24404
"Sherman, Oregon, US",1780
"Harney, Oregon, US",7393
"Malheur, Oregon, US",30571
"Wallowa, Oregon, US",7208
"Wheeler, Oregon, US",1332
"Morrow, Oregon, US",11603
"Coos, Oregon, US",64487
"Curry, Oregon, US",22925
"Gilliam, Oregon, US",1912
"Hood River, Oregon, US",23382
"Lake, Oregon, US",7869
"Multnomah, Oregon, US",812855
"Pike, Pennsylvania, US",55809
"Snyder, Pennsylvania, US",40372
"Susquehanna, Pennsylvania, US",40328
"Crawford, Pennsylvania, US",84629
"Erie, Pennsylvania, US",269728
"Fulton, Pennsylvania, US",14530
"Juniata, Pennsylvania, US",24763
"Schuylkill, Pennsylvania, US",141359
"Wyoming, Pennsylvania, US",26794
"Adams, Pennsylvania, US",103009
"Armstrong, Pennsylvania, US",64735
"Clinton, Pennsylvania, US",38632
"Carbon, Pennsylvania, US",64182
"Centre, Pennsylvania, US",162385
"Northumberland, Pennsylvania, US",90843
"Northampton, Pennsylvania, US",305285
"Venango, Pennsylvania, US",50668
"Beaver, Pennsylvania, US",163929
"Lackawanna, Pennsylvania, US",209674
"McKean, Pennsylvania, US",40625
"Fayette, Pennsylvania, US",129274
"Montgomery, Pennsylvania, US",830915
"Clearfield, Pennsylvania, US",79255
"Lebanon, Pennsylvania, US",141793
"Lycoming, Pennsylvania, US",113299
"Linn, Oregon, US",129749
"Montour, Pennsylvania, US",18230
"Warren, Pennsylvania, US",39191
"Butler, Pennsylvania, US",187853
"Elk, Pennsylvania, US",29910
"Lancaster, Pennsylvania, US",545724
"Mercer, Pennsylvania, US",109424
"Addison, Vermont, US",36777
"Essex, Vermont, US",6163
"Washington, Vermont, US",58409
"Washington, Utah, US",177556
"Summit, Utah, US",42145
"Millard, Utah, US",13188
"Tooele, Utah, US",72259
"Kane, Utah, US",7886
"Grand, Utah, US",9754
"Piute, Utah, US",1479
"Rich, Utah, US",2483
"Wasatch, Utah, US",34091
"Beaver, Utah, US",6710
"Box Elder, Utah, US",56046
"Iron, Utah, US",54839
"Sanpete, Utah, US",30939
"Sevier, Utah, US",21620
"Weber, Utah, US",260213
"San Juan, Utah, US",15308
"Salt Lake, Utah, US",1160437
"Daggett, Utah, US",950
"Wayne, Utah, US",2711
"Carbon, Utah, US",20463
"Morgan, Utah, US",12124
"Cache, Utah, US",128289
"Juab, Utah, US",12017
"James City, Virginia, US",76523
"Charlottesville city, Virginia, US",47266
"Campbell, Virginia, US",54885
"Henrico, Virginia, US",330818
"King George, Virginia, US",26836
"Lancaster, Virginia, US",10603
"Lee, Virginia, US",23423
"Mathews, Virginia, US",8834
"Middlesex, Virginia, US",10582
"Richmond, Virginia, US",9023
"Russell, Virginia, US",26586
"Smyth, Virginia, US",30104
"Prince George, Virginia, US",38353
"Scott, Virginia, US",21566
"Spotsylvania, Virginia, US",136215
"Appomattox, Virginia, US",15911
"Franklin, Virginia, US",56042
"King and Queen, Virginia, US",7025
"Montgomery, Virginia, US",98535
"New Kent, Virginia, US",23091
"Cumberland, Virginia, US",9932
"Dickenson, Virginia, US",14318
"Halifax, Virginia, US",33911
"Loudoun, Virginia, US",413538
"Prince William, Virginia, US",470335
"Southampton, Virginia, US",17631
"Highland, Virginia, US",2190
"Caroline, Virginia, US",30725
"Gloucester, Virginia, US",37348
"Patrick, Virginia, US",17608
"Powhatan, Virginia, US",29652
"Shenandoah, Virginia, US",43616
"Fauquier, Virginia, US",71222
"Calloway, Kentucky, US",39001
"Casey, Kentucky, US",16159
"Christian, Kentucky, US",70461
"Daviess, Kentucky, US",101511
"Grayson, Kentucky, US",26427
"Henderson, Kentucky, US",45210
"Henry, Kentucky, US",16126
"Hopkins, Kentucky, US",44686
"Jackson, Kentucky, US",13329
"Laurel, Kentucky, US",60813
"Marshall, Kentucky, US",31100
"Meade, Kentucky, US",28572
"Montgomery, Kentucky, US",28157
"Nicholas, Kentucky, US",7269
"Oldham, Kentucky, US",66799
"Owen, Kentucky, US",10901
"Rockcastle, Kentucky, US",16695
"Scott, Kentucky, US",57004
"Warren, Kentucky, US",132896
"Allen, Kentucky, US",21315
"Bourbon, Kentucky, US",19788
"Bullitt, Kentucky, US",81676
"Crittenden, Kentucky, US",8806
"Fulton, Kentucky, US",5969
"Knott, Kentucky, US",14806
"Menifee, Kentucky, US",6489
"Muhlenberg, Kentucky, US",30622
"Perry, Kentucky, US",25758
"Wolfe, Kentucky, US",7157
"Clay, Kentucky, US",19901
"Bell, Kentucky, US",26032
"Cumberland, Kentucky, US",6614
"Graves, Kentucky, US",37266
"Lee, Kentucky, US",7403
"Butler, Kentucky, US",12879
"Edmonson, Kentucky, US",12150
"Lawrence, Alabama, US",32924
"Lee, Alabama, US",164542
"Marion, Alabama, US",29709
"Pickens, Alabama, US",19930
"Sumter, Alabama, US",12427
"Jefferson, Alabama, US",658573
"Choctaw, Alabama, US",12589
"Franklin, Alabama, US",31362
"Marengo, Alabama, US",18863
"Russell, Alabama, US",57961
"Cherokee, Alabama, US",26196
"Covington, Alabama, US",37049
"Crenshaw, Alabama, US",13772
"Dallas, Alabama, US",37196
"Lauderdale, Alabama, US",92729
"Lowndes, Alabama, US",9726
"Macon, Alabama, US",18068
"Limestone, Alabama, US",98915
"Shelby, Alabama, US",217702
"Winston, Alabama, US",23629
"Baldwin, Alabama, US",223234
"Elmore, Alabama, US",81209
"Jackson, Alabama, US",51626
"Talladega, Alabama, US",79978
"Washington, Alabama, US",16326
"Clay, Alabama, US",13235
"Morgan, Alabama, US",119679
"Pike, Alabama, US",33114
"Colbert, Alabama, US",55241
"Dale, Alabama, US",49172
"Hale, Alabama, US",14651
"DeKalb, Alabama, US",71513
"Escambia, Alabama, US",36633
"Randolph, Alabama, US",22722
"Mobile, Alabama, US",413210
"Perry, Alabama, US",8923
"Cleburne, Alabama, US",14910
"Conecuh, Alabama, US",12067
"Barbour, Alabama, US",24686
"Bibb, Alabama, US",22394
"Calhoun, Alabama, US",113605
"Clarke, Alabama, US",23622
"Fayette, Alabama, US",16302
"Douglas, Minnesota, US",38141
"Grant, Minnesota, US",5972
"Kittson, Minnesota, US",4298
"Le Sueur, Minnesota, US",28887
"Mahnomen, Minnesota, US",5527
"Chisago, Minnesota, US",56579
"Redwood, Minnesota, US",15170
"Yellow Medicine, Minnesota, US",9709
"Todd, Minnesota, US",24664
"Beltrami, Minnesota, US",47188
"Blue Earth, Minnesota, US",67653
"Houston, Minnesota, US",18600
"Lac qui Parle, Minnesota, US",6623
"Lake of the Woods, Minnesota, US",3740
"Otter Tail, Minnesota, US",58746
"Waseca, Minnesota, US",18612
"Citrus, Florida, US",149657
"Baker, Florida, US",29210
"Santa Rosa, Florida, US",184313
"Leon, Florida, US",293582
"Broward, Florida, US",1952778
"Monroe, Florida, US",74228
"Hernando, Florida, US",193920
"Hillsborough, Florida, US",1471968
"Taylor, Florida, US",21569
"Wakulla, Florida, US",33739
"McDuffie, Georgia, US",21312
"Morgan, Georgia, US",19276
"Heard, Georgia, US",11923
"Dougherty, Georgia, US",87956
"Fannin, Georgia, US",26188
"Houston, Georgia, US",157863
"Laurens, Georgia, US",47546
"Spalding, Georgia, US",66703
"Telfair, Georgia, US",15860
"Union, Georgia, US",24511
"White, Arkansas, US",78753
"Lake, California, US",64386
"Yuba, California, US",78668
"Lassen, California, US",30573
"Sonoma, California, US",494336
"Imperial, California, US",181215
"Alameda, California, US",1671329
"Napa, California, US",137744
"Sierra, California, US",3005
"Yolo, California, US",220500
"Nevada, California, US",99755
"Mendocino, California, US",86749
"Los Angeles, California, US",10039107
"Santa Clara, California, US",1927852
"Siskiyou, California, US",43539
"Del Norte, California, US",27812
"Chaffee, Colorado, US",20356
"Garfield, Colorado, US",60061
"Jefferson, Colorado, US",582881
"Rio Blanco, Colorado, US",6324
"Conejos, Colorado, US",8205
"Adams, Colorado, US",517421
"Eagle, Colorado, US",55127
"Moffat, Colorado, US",13283
"Cheyenne, Colorado, US",1831
"Dolores, Colorado, US",2055
"Jackson, Colorado, US",1392
"Montezuma, Colorado, US",26183
"Boulder, Colorado, US",326196
"Yuma, Colorado, US",10019
"Routt, Colorado, US",25638
"Clear Creek, Colorado, US",9700
"Pueblo, Colorado, US",168424
"Park, Colorado, US",18845
"Mesa, Colorado, US",154210
"El Paso, Colorado, US",720403
"Arapahoe, Colorado, US",656590
"New Castle, Delaware, US",558753
"Kent, Delaware, US",180786
"Potter, Pennsylvania, US",16526
"Tioga, Pennsylvania, US",40591
"Newport, Rhode Island, US",82082
"Providence, Rhode Island, US",638931
"Bristol, Rhode Island, US",48479
"Aiken, South Carolina, US",170872
"Allendale, South Carolina, US",8688
"Edgefield, South Carolina, US",27260
"Chester, South Carolina, US",32244
"Colleton, South Carolina, US",37677
"Marion, South Carolina, US",30657
"Lexington, South Carolina, US",298750
"Oconee, South Carolina, US",79546
"Berkeley, South Carolina, US",227907
"Charleston, South Carolina, US",411406
"Georgetown, South Carolina, US",62680
"Marlboro, South Carolina, US",26118
"Anderson, South Carolina, US",202558
"Chesterfield, South Carolina, US",45650
"Greenwood, South Carolina, US",70811
"Horry, South Carolina, US",354081
"Kershaw, South Carolina, US",66551
"Orangeburg, South Carolina, US",86175
"Spartanburg, South Carolina, US",319785
"Bamberg, South Carolina, US",14066
"Beaufort, South Carolina, US",192122
"Calhoun, South Carolina, US",14553
"Dillon, South Carolina, US",30479
"Saluda, South Carolina, US",20473
"Richland, South Carolina, US",415759
"Fairfield, South Carolina, US",22347
"Hampton, South Carolina, US",19222
"Greenville, South Carolina, US",523542
"Lancaster, South Carolina, US",98012
"Dorchester, South Carolina, US",162809
"Florence, South Carolina, US",138293
"Laurens, South Carolina, US",67493
"McCormick, South Carolina, US",9463
"Pickens, South Carolina, US",126884
"Union, South Carolina, US",27316
"Williamsburg, South Carolina, US",30368
"Aurora, South Dakota, US",2751
"Grant, South Dakota, US",7052
"Tripp, South Dakota, US",5441
"Ziebach, South Dakota, US",2756
"Spink, South Dakota, US",6376
"Bon Homme, South Dakota, US",6901
"Brookings, South Dakota, US",35077
"Staunton city, Virginia, US",24932
"Knox, Missouri, US",3959
"Montgomery, Missouri, US",11551
"Stoddard, Missouri, US",29025
"Audrain, Missouri, US",25388
"Greene, Missouri, US",293086
"St. Clair, Missouri, US",9397
"Schuyler, Missouri, US",4660
"Camden, Missouri, US",46305
"Jefferson, Missouri, US",225081
"New Madrid, Missouri, US",17076
"Ralls, Missouri, US",10309
"Custer, Montana, US",11402
"Powder River, Montana, US",1682
"Roosevelt, Montana, US",11004
"Liberty, Montana, US",2337
"Richland, Montana, US",10803
"Toole, Montana, US",4736
"Daniels, Montana, US",1690
"Harrison, Kentucky, US",18886
"Bracken, Kentucky, US",8303
"Nelson, Kentucky, US",46233
"Wayne, Kentucky, US",20333
"Marion, Kentucky, US",19273
"Trigg, Kentucky, US",14651
"Boone, Kentucky, US",133581
"Jessamine, Kentucky, US",54115
"Knox, Kentucky, US",31145
"Letcher, Kentucky, US",21553
"Livingston, Kentucky, US",9194
"Pike, Kentucky, US",57876
"Shelby, Kentucky, US",49024
"Anderson, Kentucky, US",22747
"Breckinridge, Kentucky, US",20477
"Franklin, Kentucky, US",50991
"McCreary, Kentucky, US",17231
"Madison, Kentucky, US",92987
"Metcalfe, Kentucky, US",10071
"Owsley, Kentucky, US",4415
"Simpson, Kentucky, US",18572
"Clark, Kentucky, US",36263
"Todd, Kentucky, US",12294
"Carroll, Kentucky, US",10631
"Clinton, Kentucky, US",10218
"Gallatin, Kentucky, US",8869
"Richland Parish, Louisiana, US",20122
"St. Louis, Minnesota, US",199070
"Anoka, Minnesota, US",356921
"Stearns, Minnesota, US",161075
"Dakota, Minnesota, US",429021
"Lincoln, Minnesota, US",5639
"Marshall, Minnesota, US",9336
"Renville, Minnesota, US",14548
"Washington, Minnesota, US",262440
"Cook, Minnesota, US",5463
"Kanabec, Minnesota, US",16337
"Woodson, Kansas, US",3138
"Ness, Kansas, US",2750
"Bourbon, Kansas, US",14534
"Kiowa, Kansas, US",2475
"Shawnee, Kansas, US",176875
"Chautauqua, Kansas, US",3250
"Reno, Kansas, US",61998
"Doniphan, Kansas, US",7600
"Haskell, Kansas, US",3968
"Scott, Kansas, US",4823
"Brown, Kansas, US",9564
"Phillips, Kansas, US",5234
"Decatur, Kansas, US",2827
"Garrard, Kentucky, US",17666
"Campbell, Kentucky, US",93584
"Elliott, Kentucky, US",7517
"Larue, Kentucky, US",14398
"Mercer, Kentucky, US",21933
"Russell, Kentucky, US",17923
"Washington, Kentucky, US",12095
"Barren, Kentucky, US",44249
"Hancock, Kentucky, US",8722
"Hardin, Kentucky, US",110958
"McLean, Kentucky, US",9207
"Powell, Kentucky, US",12359
"Caldwell, Kentucky, US",12747
"Boyd, Kentucky, US",46718
"Fayette, Kentucky, US",323152
"Johnson, Kentucky, US",22188
"Morgan, Kentucky, US",13309
"Pulaski, Kentucky, US",64979
"Litchfield, Connecticut, US",180333
"Palm Beach, Florida, US",1496770
"Miami-Dade, Florida, US",2716940
"Franklin, Florida, US",12125
"Hamilton, Florida, US",14428
"Sumter, Florida, US",132420
"Holmes, Florida, US",19617
"Lee, Florida, US",770577
"Hamlin, South Dakota, US",6164
"Jackson, South Dakota, US",3344
"Custer, South Dakota, US",8972
"Hyde, South Dakota, US",1301
"Faulk, South Dakota, US",2299
"Hutchinson, South Dakota, US",7291
"Walworth, South Dakota, US",5435
"Buffalo, South Dakota, US",1962
"Day, South Dakota, US",5424
"Douglas, South Dakota, US",2921
"Harding, South Dakota, US",1298
"McPherson, South Dakota, US",2379
"Roberts, South Dakota, US",10394
"Sully, South Dakota, US",1391
"Lincoln, South Dakota, US",61128
"Lake, South Dakota, US",12797
"Lawrence, South Dakota, US",25844
"Codington, South Dakota, US",28009
"Butte, South Dakota, US",10429
"Corson, South Dakota, US",4086
"Edmunds, South Dakota, US",3829
"Campbell, South Dakota, US",1376
"Bennett, South Dakota, US",3365
"Haakon, South Dakota, US",1899
"Jones, South Dakota, US",903
"Meade, South Dakota, US",28332
"Turner, South Dakota, US",8384
"Brown, South Dakota, US",38839
"Hanson, South Dakota, US",3453
"McCook, South Dakota, US",5586
"Mellette, South Dakota, US",2061
"Moody, South Dakota, US",6576
"Pennington, South Dakota, US",113775
"Union, South Dakota, US",15932
"Miner, South Dakota, US",2216
"Coffee, Tennessee, US",56520
"Fayette, Tennessee, US",41133
"Hancock, Tennessee, US",6620
"Hawkins, Tennessee, US",56786
"Johnson, Tennessee, US",17788
"Lincoln, Tennessee, US",34366
"Macon, Tennessee, US",24602
"Moore, Tennessee, US",6488
"Fall River, South Dakota, US",6713
"Robertson, Tennessee, US",71813
"Franklin, Tennessee, US",42208
"Blount, Tennessee, US",133088
"Cheatham, Tennessee, US",40667
"Carter, Tennessee, US",56391
"Judith Basin, Montana, US",2007
"Deer Lodge, Montana, US",9140
"McCone, Montana, US",1664
"Rosebud, Montana, US",8937
"Dawson, Montana, US",8613
"Broadwater, Montana, US",6237
"Phillips, Montana, US",3954
"Blaine, Nebraska, US",465
"Deuel, Nebraska, US",1794
"Logan, Nebraska, US",748
"Thayer, Nebraska, US",5003
"Adams, Nebraska, US",31363
"Boone, Nebraska, US",5192
"Rock, Nebraska, US",1357
"Sherman, Nebraska, US",3001
"Howard, Nebraska, US",6445
"Gosper, Nebraska, US",1990
"Sarpy, Nebraska, US",187196
"Boyd, Nebraska, US",1919
"Fillmore, Nebraska, US",5462
"Hooker, Nebraska, US",682
"Seward, Nebraska, US",17284
"Webster, Nebraska, US",3487
"Butler, Nebraska, US",8016
"Arthur, Nebraska, US",463
"Gage, Nebraska, US",21513
"Kearney, Nebraska, US",6495
"Madison, Nebraska, US",35099
"Phelps, Nebraska, US",9034
"Wayne, Nebraska, US",9385
"Knox, Nebraska, US",8332
"Merrick, Nebraska, US",7755
"Pawnee, Nebraska, US",2613
"Wheeler, Nebraska, US",783
"Lander, Nevada, US",5532
"Esmeralda, Nevada, US",873
"Mineral, Nevada, US",4505
"Lincoln, Nevada, US",5183
"Washoe, Nevada, US",471519
"Carson City, Nevada, US",55916
"Merrimack, New Hampshire, US",151391
"Belknap, New Hampshire, US",61303
"Strafford, New Hampshire, US",130633
"Monmouth, New Jersey, US",618795
"Sussex, New Jersey, US",140488
"Essex, New Jersey, US",798975
"Gloucester, New Jersey, US",291636
"Passaic, New Jersey, US",501826
"Bergen, New Jersey, US",932202
"Warren, New Jersey, US",105267
"Burlington, New Jersey, US",445349
"Luna, New Mexico, US",23709
"Taos, New Mexico, US",32723
"Colfax, New Mexico, US",11941
"Harding, New Mexico, US",625
"Quay, New Mexico, US",8253
"Noxubee, Mississippi, US",10417
"Tate, Mississippi, US",28321
"Panola, Mississippi, US",34192
"Giles, Tennessee, US",29464
"Lauderdale, Tennessee, US",25633
"Lawrence, Tennessee, US",44142
"Madison, Tennessee, US",97984
"Marion, Tennessee, US",28907
"Overton, Tennessee, US",22241
"Pickett, Tennessee, US",5048
"Wayne, Tennessee, US",16673
"Williamson, Tennessee, US",238412
"Bedford, Tennessee, US",49713
"Greene, Tennessee, US",69069
"Cumberland, Tennessee, US",60520
"Van Buren, Tennessee, US",5872
"Claiborne, Tennessee, US",31959
"Hickman, Tennessee, US",25178
"Humphreys, Tennessee, US",18582
"Putnam, Tennessee, US",80245
"Sevier, Tennessee, US",98250
"Stewart, Tennessee, US",13715
"Chester, Tennessee, US",17297
"Decatur, Tennessee, US",11663
"Jackson, Tennessee, US",11786
"McNairy, Tennessee, US",25694
"Roane, Tennessee, US",53382
"Bradley, Tennessee, US",108110
"Hamblen, Tennessee, US",64934
"Union, Tennessee, US",19972
"Hardin, Tennessee, US",25652
"Dickson, Tennessee, US",53948
"Morgan, Tennessee, US",21403
"Monroe, Tennessee, US",46545
"Henry, Tennessee, US",32345
"Crockett, Tennessee, US",14230
"Lake, Tennessee, US",7016
"Knox, Tennessee, US",470313
"McMinn, Tennessee, US",53794
"Marshall, Tennessee, US",34375
"Rhea, Tennessee, US",33167
"Scott, Tennessee, US",22068
"Anderson, Tennessee, US",76978
"Fentress, Tennessee, US",18523
"Gibson, Tennessee, US",49133
"Grainger, Tennessee, US",23320
"Hardeman, Tennessee, US",25050
"Loudon, Tennessee, US",54068
"Rutherford, Tennessee, US",332285
"Smith, Tennessee, US",20157
"Wilson, Tennessee, US",144657
"Unicoi, Tennessee, US",17883
"Lincoln, New Mexico, US",19572
"Yalobusha, Mississippi, US",12108
"Copiah, Mississippi, US",28065
"Hinds, Mississippi, US",231840
"Union, Mississippi, US",28815
"Tippah, Mississippi, US",22015
"Forrest, Mississippi, US",74897
"Lafayette, Mississippi, US",54019
"Lowndes, Mississippi, US",58595
"Wilkinson, Mississippi, US",8630
"Jefferson Davis, Mississippi, US",11128
"Scott, Mississippi, US",28124
"Yazoo, Mississippi, US",29690
"Bolivar, Mississippi, US",30628
"Pike, Mississippi, US",39288
"Stone, Mississippi, US",18336
"Kemper, Mississippi, US",9742
"Sunflower, Mississippi, US",25110
"Adams, Mississippi, US",30693
"DeSoto, Mississippi, US",184945
"Delaware, Pennsylvania, US",566747
"Somerset, Pennsylvania, US",73447
"Madison, Missouri, US",12088
"Vernon, Missouri, US",20563
"Nodaway, Missouri, US",22092
"Chariton, Missouri, US",7426
"Wayne, Missouri, US",12873
"Scott, Missouri, US",38280
"Barton, Missouri, US",11754
"Cedar, Missouri, US",14349
"Gasconade, Missouri, US",14706
"Macon, Missouri, US",15117
"Oregon, Missouri, US",10529
"Ste. Genevieve, Missouri, US",17894
"Douglas, Missouri, US",13185
"Henry, Missouri, US",21824
"Lawrence, Missouri, US",38355
"Pulaski, Missouri, US",52607
"Texas, Missouri, US",25398
"Callaway, Missouri, US",44743
"Cooper, Missouri, US",17709
"Gentry, Missouri, US",6571
"Mississippi, Missouri, US",13180
"Ozark, Missouri, US",9174
"Bollinger, Missouri, US",12133
"Beaver, Oklahoma, US",5311
"Hughes, Oklahoma, US",13279
"Comanche, Oklahoma, US",120749
"Adair, Oklahoma, US",22194
"Stephens, Oklahoma, US",43143
"Carter, Oklahoma, US",48111
"Greer, Oklahoma, US",5712
"McIntosh, Oklahoma, US",19596
"Murray, Oklahoma, US",14073
"Ottawa, Oklahoma, US",31127
"Wagoner, Oklahoma, US",81289
"Caddo, Oklahoma, US",28762
"Muskogee, Oklahoma, US",67997
"Bryan, Oklahoma, US",47995
"Jackson, Oregon, US",220944
"Montgomery, Alabama, US",226486
"Marshall, Alabama, US",96774
"Blount, Alabama, US",57826
"Henry, Alabama, US",17205
"Madison, Alabama, US",372909
"Autauga, Alabama, US",55869
"Tallapoosa, Alabama, US",40367
"Geneva, Alabama, US",26271
"Wilcox, Alabama, US",10373
"Aleutians West Census Area, Alaska, US",5634
"Bristol Bay Borough, Alaska, US",836
"Kodiak Island Borough, Alaska, US",12998
"Northwest Arctic Borough, Alaska, US",7621
"Bethel Census Area, Alaska, US",18386
"North Slope Borough, Alaska, US",9832
"Sitka City and Borough, Alaska, US",8493
"Fairbanks North Star Borough, Alaska, US",96849
"Upson, Georgia, US",26320
"Washington, Georgia, US",20374
"White, Georgia, US",30798
"Peach, Georgia, US",27546
"Paulding, Georgia, US",168667
"Pierce, Georgia, US",19465
"Pike, Georgia, US",18962
"Richmond, Georgia, US",202518
"Screven, Georgia, US",13966
"Tattnall, Georgia, US",25286
"Berrien, Georgia, US",19397
"Walker, Georgia, US",69761
"Gwinnett, Georgia, US",936250
"Barrow, Georgia, US",83240
"Charlton, Georgia, US",13392
"Clinch, Georgia, US",6618
"Bartow, Georgia, US",107738
"Douglas, Georgia, US",146343
"Grady, Georgia, US",24633
"Hancock, Georgia, US",8457
"Whitfield, Georgia, US",104628
"Macon, Georgia, US",12947
"Troup, Georgia, US",69922
"Harris, Georgia, US",35236
"Schley, Georgia, US",5257
"Worth, Georgia, US",20247
"Dooly, Georgia, US",13390
"Evans, Georgia, US",10654
"Webster, Georgia, US",2607
"Effingham, Georgia, US",64296
"Glascock, Georgia, US",2971
"Quitman, Georgia, US",2299
"Chatham, Georgia, US",289430
"Johnson, Georgia, US",9643
"Lanier, Georgia, US",10423
"Madison, Georgia, US",29880
"Mitchell, Georgia, US",21863
"Tift, Georgia, US",40644
"Polk, Georgia, US",42613
"Talbot, Georgia, US",6195
"Terrell, Georgia, US",8531
"Thomas, Georgia, US",44451
"Wilkinson, Georgia, US",8954
"Oglethorpe, Georgia, US",15259
"Randolph, Georgia, US",6778
"Ware, Georgia, US",35734
"Wayne, Georgia, US",29927
"Wilcox, Georgia, US",8635
"Baldwin, Georgia, US",44890
"Bulloch, Georgia, US",79608
"Clay, Georgia, US",2834
"Echols, Georgia, US",4006
"Lea, New Mexico, US",71070
"Santa Fe, New Mexico, US",150358
"Union, New Mexico, US",4059
"Sierra, New Mexico, US",10791
"Socorro, New Mexico, US",16637
"Roosevelt, New Mexico, US",18500
"DoÃ±a Ana, New Mexico, US",218195
"Los Alamos, New Mexico, US",19369
"Rio Arriba, New Mexico, US",38921
"San Miguel, New Mexico, US",27277
"Valencia, New Mexico, US",76688
"Torrance, New Mexico, US",15461
"Bernalillo, New Mexico, US",679121
"Otero, New Mexico, US",67490
"Cibola, New Mexico, US",26675
"De Baca, New Mexico, US",1748
"Guadalupe, New Mexico, US",4300
"Catron, New Mexico, US",3527
"Bronx, New York, US",1418207
"Onondaga, New York, US",460528
"Clinton, New York, US",80485
"Seneca, New York, US",34016
"Putnam, New York, US",98320
"Herkimer, New York, US",61319
"Ontario, New York, US",109777
"Steuben, New York, US",95379
"Hamilton, New York, US",4416
"Chautauqua, New York, US",126903
"Kings, New York, US",2559903
"Tioga, New York, US",48203
"Orleans, New York, US",40352
"Saratoga, New York, US",229863
"Columbia, New York, US",59461
"Lewis, New York, US",26296
"Westchester, New York, US",967506
"Delaware, New York, US",44135
"Montgomery, New York, US",49221
"Richmond, New York, US",476143
"St. Lawrence, New York, US",107740
"Tompkins, New York, US",102180
"Warren, New York, US",63944
"Cortland, New York, US",47581
"Dutchess, New York, US",294218
"Monroe, New York, US",741770
"Chaves, New Mexico, US",64615
"Oneida, New York, US",228671
"Ulster, New York, US",177573
"Chemung, New York, US",83456
"Livingston, New York, US",62914
"Otsego, New York, US",59493
"Grant, Oregon, US",7199
"Clackamas, Oregon, US",418187
"Tillamook, Oregon, US",27036
"Josephine, Oregon, US",87487
"Umatilla, Oregon, US",77950
"Columbia, Oregon, US",52354
"Wasco, Oregon, US",26682
"Lane, Oregon, US",382067
"Washington, Oregon, US",601592
"Clatsop, Oregon, US",40224
"Cameron, Pennsylvania, US",4447
"Bucks, Pennsylvania, US",628270
"Lehigh, Pennsylvania, US",369318
"Clarion, Pennsylvania, US",38438
"Greene, Pennsylvania, US",36233
"Luzerne, Pennsylvania, US",317417
"Columbia, Pennsylvania, US",64964
"Jefferson, Pennsylvania, US",43425
"Perry, Pennsylvania, US",46272
"Sullivan, Pennsylvania, US",6066
"Kent, Rhode Island, US",164292
"Washington, Rhode Island, US",125577
"Newberry, South Carolina, US",38440
"Clarendon, South Carolina, US",33745
"Sumter, South Carolina, US",106721
"Barnwell, South Carolina, US",20866
"Darlington, South Carolina, US",66618
"York, South Carolina, US",280979
"Cherokee, South Carolina, US",57300
"Jasper, South Carolina, US",30073
"Lee, South Carolina, US",16828
"Abbeville, South Carolina, US",24527
"Lyman, South Dakota, US",3781
"Deuel, South Dakota, US",4351
"Brule, South Dakota, US",5297
"Gregory, South Dakota, US",4185
"Minnehaha, South Dakota, US",193134
"Clark, South Dakota, US",3736
"Kingsbury, South Dakota, US",4939
"Clay, South Dakota, US",14070
"Dewey, South Dakota, US",5892
"Hughes, South Dakota, US",17526
"Sanborn, South Dakota, US",2344
"Hand, South Dakota, US",3191
"Yankton, South Dakota, US",22814
"Beadle, South Dakota, US",18453
"Davison, South Dakota, US",19775
"Jerauld, South Dakota, US",2013
"Stanley, South Dakota, US",3098
"Potter, South Dakota, US",2153
"Charles Mix, South Dakota, US",9292
"Marshall, South Dakota, US",4935
"Perkins, South Dakota, US",2865
"Todd, South Dakota, US",10177
"Oglala Lakota, South Dakota, US",14177
"Sumner, Tennessee, US",191283
"Trousdale, Tennessee, US",11284
"Clay, Tennessee, US",7615
"St. Martin Parish, Louisiana, US",53431
"Vernon Parish, Louisiana, US",47429
"Winn Parish, Louisiana, US",13904
"East Baton Rouge Parish, Louisiana, US",440059
"Sabine Parish, Louisiana, US",23884
"Allen Parish, Louisiana, US",25627
"Madison Parish, Louisiana, US",10951
"Jefferson Davis Parish, Louisiana, US",31368
"St. James Parish, Louisiana, US",21096
"Grant Parish, Louisiana, US",22389
"West Feliciana Parish, Louisiana, US",15568
"Jefferson Parish, Louisiana, US",432493
"Beauregard Parish, Louisiana, US",37497
"Bienville Parish, Louisiana, US",13241
"Bossier Parish, Louisiana, US",127039
"Cameron Parish, Louisiana, US",6973
"East Feliciana Parish, Louisiana, US",19135
"St. John the Baptist Parish, Louisiana, US",42837
"Plaquemines Parish, Louisiana, US",23197
"Ouachita Parish, Louisiana, US",153279
"Washington Parish, Louisiana, US",46194
"St. Landry Parish, Louisiana, US",82124
"Acadia Parish, Louisiana, US",62045
"St. Mary Parish, Louisiana, US",49348
"St. Tammany Parish, Louisiana, US",260419
"Union Parish, Louisiana, US",22108
"Caddo Parish, Louisiana, US",240204
"Ascension Parish, Louisiana, US",126604
"Lafayette Parish, Louisiana, US",244390
"Iberia Parish, Louisiana, US",69830
"Lincoln Parish, Louisiana, US",46742
"Ketchikan Gateway Borough, Alaska, US",13901
"Matanuska-Susitna Borough, Alaska, US",108317
"Nome Census Area, Alaska, US",10004
"Dillingham Census Area, Alaska, US",4916
"Yakutat City and Borough, Alaska, US",579
"Lake and Peninsula Borough, Alaska, US",1592
"Southeast Fairbanks Census Area, Alaska, US",6893
"Anchorage Municipality, Alaska, US",288000
"Aleutians East Borough, Alaska, US",3337
"Valdez-Cordova Census Area, Alaska, US",9202
"Kenai Peninsula Borough, Alaska, US",58708
"Skagway Municipality, Alaska, US",1183
"Prince of Wales-Hyder Census Area, Alaska, US",6203
"Petersburg Borough, Alaska, US",3266
"Kusilvak Census Area, Alaska, US",8314
"Maricopa, Arizona, US",4485414
"Graham, Arizona, US",38837
"Santa Cruz, Arizona, US",46498
"La Paz, Arizona, US",21108
"Mohave, Arizona, US",212181
"Coconino, Arizona, US",143476
"Yavapai, Arizona, US",235099
"Greenlee, Arizona, US",9498
"Pinal, Arizona, US",462789
"Nevada, Arkansas, US",8252
"Cross, Arkansas, US",16419
"Dallas, Arkansas, US",7009
"Columbia, Arkansas, US",23457
"Saline, Arkansas, US",122437
"Van Buren, Arkansas, US",16545
"Izard, Arkansas, US",13629
"Independence, Arkansas, US",37825
"Logan, Arkansas, US",21466
"Grant, Arkansas, US",18265
"Franklin, Arkansas, US",17715
"Pike, Arkansas, US",10718
"Jefferson, Arkansas, US",66824
"Montgomery, Arkansas, US",8986
"Scott, Arkansas, US",10281
"Sebastian, Arkansas, US",127827
"Crawford, Arkansas, US",63257
"Chicot, Arkansas, US",10118
"Johnson, Arkansas, US",26578
"Lee, Arkansas, US",8857
"Adair, Kentucky, US",19202
"Breathitt, Kentucky, US",12630
"Hart, Kentucky, US",19035
"Trimble, Kentucky, US",8471
"Hickman, Kentucky, US",4380
"Lyon, Kentucky, US",8210
"Lewis, Kentucky, US",13275
"Woodford, Kentucky, US",26734
"Leslie, Kentucky, US",9877
"Lawrence, Kentucky, US",15317
"McCracken, Kentucky, US",65418
"Whitley, Kentucky, US",36264
"Floyd, Kentucky, US",35589
"Kenton, Kentucky, US",166998
"DeKalb, Georgia, US",759297
"Haralson, Georgia, US",29792
"Jefferson, Georgia, US",15362
"Lincoln, Georgia, US",7921
"Murray, Georgia, US",40096
"Pulaski, Georgia, US",11137
"Rabun, Georgia, US",17137
"Towns, Georgia, US",12037
"Treutlen, Georgia, US",6901
"Irwin, Georgia, US",9416
"Appling, Georgia, US",18386
"Collier, Florida, US",384902
"Pasco, Florida, US",553947
"Highlands, Florida, US",106221
"DeSoto, Florida, US",38001
"Columbia, Florida, US",71686
"Putnam, Florida, US",74521
"Union, Florida, US",15237
"Levy, Florida, US",41503
"Volusia, Florida, US",553284
"Madison, Florida, US",18493
"Escambia, Florida, US",318316
"Okaloosa, Florida, US",210738
"Lumpkin, Georgia, US",33610
"Miller, Georgia, US",5718
"Oconee, Georgia, US",40280
"Henry, Georgia, US",234561
"Long, Georgia, US",19559
"Stephens, Georgia, US",25925
"Jeff Davis, Georgia, US",15115
"Calhoun, Georgia, US",6189
"Bibb, Georgia, US",153159
"Marion, Georgia, US",8359
"Bleckley, Georgia, US",12873
"Franklin, Georgia, US",23349
"Lamar, Georgia, US",19077
"Emanuel, Georgia, US",22646
"Jasper, Georgia, US",14219
"Liberty, Georgia, US",61435
"Seminole, Georgia, US",8090
"Twiggs, Georgia, US",8120
"Taylor, Georgia, US",8020
"Toombs, Georgia, US",26830
"Montgomery, Georgia, US",9172
"Rockdale, Georgia, US",90896
"Wheeler, Georgia, US",7855
"Banks, Georgia, US",19234
"Clarke, Georgia, US",128331
"Glynn, Georgia, US",85292
"Jackson, Georgia, US",72977
"Jones, Georgia, US",28735
"Muscogee, Georgia, US",195769
"Stewart, Georgia, US",6621
"Turner, Georgia, US",7985
"Atkinson, Georgia, US",8165
"Baker, Georgia, US",3038
"Candler, Georgia, US",10803
"Carroll, Georgia, US",119992
"Albany, New York, US",305506
"Allegany, New York, US",46091
"Cattaraugus, New York, US",76117
"Madison, New York, US",70941
"Schenectady, New York, US",155299
"Genesee, New York, US",57280
"Yates, New York, US",24913
"Greene, North Carolina, US",21069
"Mitchell, North Carolina, US",14964
"Chowan, North Carolina, US",13943
"Alleghany, North Carolina, US",11137
"Caldwell, North Carolina, US",82178
"Catawba, North Carolina, US",159551
"Cleveland, North Carolina, US",97947
"Craven, North Carolina, US",102139
"Edgecombe, North Carolina, US",51472
"Granville, North Carolina, US",60443
"Harnett, North Carolina, US",135976
"Hoke, North Carolina, US",55234
"Henderson, North Carolina, US",117417
"Hyde, North Carolina, US",4937
"Iredell, North Carolina, US",181806
"Mecklenburg, North Carolina, US",1110356
"Northampton, North Carolina, US",19483
"Pitt, North Carolina, US",180742
"Rowan, North Carolina, US",142088
"Vance, North Carolina, US",44535
"Cherokee, North Carolina, US",28612
"Currituck, North Carolina, US",27763
"Union, North Carolina, US",239859
"Wilkes, North Carolina, US",68412
"Nash, North Carolina, US",94298
"Alexander, North Carolina, US",37497
"Dare, North Carolina, US",37009
"Warren, North Carolina, US",19731
"Wilson, North Carolina, US",81801
"Gates, North Carolina, US",11562
"Graham, North Carolina, US",8441
"Madison, North Carolina, US",21755
"Pamlico, North Carolina, US",12726
"Polk, North Carolina, US",20724
"Randolph, North Carolina, US",143667
"Stokes, North Carolina, US",45591
"Washington, North Carolina, US",11580
"Greene, New York, US",47188
"Clay, North Carolina, US",11231
"Cumberland, North Carolina, US",335509
"Guilford, North Carolina, US",537174
"Platte, Wyoming, US",8393
"Sheridan, Wyoming, US",30485
"Big Horn, Wyoming, US",11790
"Crook, Wyoming, US",7584
"Park, Wyoming, US",29194
"Albany, Wyoming, US",38880
"Carbon, Wyoming, US",14800
"Goshen, Wyoming, US",13211
"Uinta, Wyoming, US",20226
"Washakie, Wyoming, US",7805
"Hot Springs, Wyoming, US",4413
"Fremont, Wyoming, US",39261
"Sublette, Wyoming, US",9831
"Weston, Wyoming, US",6927
"Aibonito Municipio, Puerto Rico, US",22108
"Juncos Municipio, Puerto Rico, US",38155
"Lajas Municipio, Puerto Rico, US",22010
"Adjuntas Municipio, Puerto Rico, US",17363
"Camuy Municipio, Puerto Rico, US",30504
"Naguabo Municipio, Puerto Rico, US",25761
"Naranjito Municipio, Puerto Rico, US",27349
"Arecibo Municipio, Puerto Rico, US",81966
"Arroyo Municipio, Puerto Rico, US",17238
"Quebradillas Municipio, Puerto Rico, US",22918
"Guayama Municipio, Puerto Rico, US",39465
"Culebra Municipio, Puerto Rico, US",1714
"Gurabo Municipio, Puerto Rico, US",47093
"Barceloneta Municipio, Puerto Rico, US",23727
"Yauco Municipio, Puerto Rico, US",33575
"Aguadilla Municipio, Puerto Rico, US",50265
"Cabo Rojo Municipio, Puerto Rico, US",47515
"Patillas Municipio, Puerto Rico, US",16211
"Villalba Municipio, Puerto Rico, US",21372
"Carolina Municipio, Puerto Rico, US",146984
"Cayey Municipio, Puerto Rico, US",42409
"Humacao Municipio, Puerto Rico, US",50653
"Morovis Municipio, Puerto Rico, US",30335
"Trujillo Alto Municipio, Puerto Rico, US",63674
"ManatÃ­ Municipio, Puerto Rico, US",37287
"PeÃ±uelas Municipio, Puerto Rico, US",19249
"RincÃ³n Municipio, Puerto Rico, US",13656
"San GermÃ¡n Municipio, Puerto Rico, US",30227
"San SebastiÃ¡n Municipio, Puerto Rico, US",35528
"BayamÃ³n Municipio, Puerto Rico, US",169269
"CanÃ³vanas Municipio, Puerto Rico, US",44674
"Shelby, Tennessee, US",937166
"Henderson, Tennessee, US",28117
"Jefferson, Tennessee, US",54495
"Sequatchie, Tennessee, US",15026
"Carroll, Tennessee, US",27767
"Davidson, Tennessee, US",694144
"Perry, Tennessee, US",8076
"Meigs, Tennessee, US",12422
"Haywood, Tennessee, US",17304
"Montgomery, Tennessee, US",208993
"Grundy, Tennessee, US",13427
"Cocke, Tennessee, US",36004
"DeKalb, Tennessee, US",20490
"Lewis, Tennessee, US",12268
"Obion, Tennessee, US",30069
"Tipton, Tennessee, US",61599
"Dyer, Tennessee, US",37159
"Hamilton, Tennessee, US",367804
"Polk, Tennessee, US",16832
"White, Tennessee, US",27345
"Sullivan, Tennessee, US",158348
"Schoharie, New York, US",30999
"Fulton, New York, US",53383
"Rensselaer, New York, US",158714
"Franklin, New York, US",50022
"Queens, New York, US",2253858
"Washington, New York, US",61204
"New York, New York, US",1628706
"Cayuga, New York, US",76576
"Rockland, New York, US",325789
"Niagara, New York, US",209281
"Essex, New York, US",36885
"Nassau, New York, US",1356924
"Schuyler, New York, US",17807
"Chenango, New York, US",47207
"Jefferson, New York, US",109834
"Suffolk, New York, US",1476601
"Wyoming, New York, US",39859
"Oswego, New York, US",117124
"Wayne, New York, US",89918
"Broome, New York, US",190488
"Erie, New York, US",918702
"Sullivan, New York, US",75432
"Orange, New York, US",384940
"Haywood, North Carolina, US",62317
"Forsyth, North Carolina, US",382295
"Bladen, North Carolina, US",32722
"Carteret, North Carolina, US",69473
"Bertie, North Carolina, US",18947
"Martin, North Carolina, US",22440
"Perquimans, North Carolina, US",13463
"Rockingham, North Carolina, US",91010
"Camden, North Carolina, US",10867
"Gaston, North Carolina, US",224529
"Moore, North Carolina, US",100880
"Stanly, North Carolina, US",62806
"Yancey, North Carolina, US",18069
"Chatham, North Carolina, US",74470
"St. Helena Parish, Louisiana, US",10132
"Webster Parish, Louisiana, US",38340
"De Soto Parish, Louisiana, US",27463
"Iberville Parish, Louisiana, US",32511
"Livingston Parish, Louisiana, US",140789
"Morehouse Parish, Louisiana, US",24874
"Orleans Parish, Louisiana, US",390144
"Terrebonne Parish, Louisiana, US",110461
"Calcasieu Parish, Louisiana, US",203436
"Claiborne Parish, Louisiana, US",15670
"Avoyelles Parish, Louisiana, US",40144
"Jackson Parish, Louisiana, US",15744
"Pointe Coupee Parish, Louisiana, US",21730
"St. Charles Parish, Louisiana, US",53100
"Lafourche Parish, Louisiana, US",97614
"Tensas Parish, Louisiana, US",4334
"LaSalle Parish, Louisiana, US",14892
"Lincoln, Maine, US",34634
"Waldo, Maine, US",39715
"Piscataquis, Maine, US",16785
"Aroostook, Maine, US",67055
"Washington, Maine, US",31379
"Knox, Maine, US",39772
"Sagadahoc, Maine, US",35856
"Kennebec, Maine, US",122302
"Franklin, Maine, US",30199
"Hancock, Maine, US",54987
"Baltimore city, Maryland, US",593490
"Somerset, Maryland, US",25616
"Harford, Maryland, US",255441
"Allegany, Maryland, US",70416
"Magoffin, Kentucky, US",12161
"Rowan, Kentucky, US",24460
"Taylor, Kentucky, US",25769
"Carlisle, Kentucky, US",4760
"Estill, Kentucky, US",14106
"Rapides Parish, Louisiana, US",129648
"Tangipahoa Parish, Louisiana, US",134758
"West Carroll Parish, Louisiana, US",10830
"Caldwell Parish, Louisiana, US",9918
"East Carroll Parish, Louisiana, US",6861
"Evangeline Parish, Louisiana, US",33395
"St. Bernard Parish, Louisiana, US",47244
"West Baton Rouge Parish, Louisiana, US",26465
"Red River Parish, Louisiana, US",8442
"Natchitoches Parish, Louisiana, US",38158
"Catahoula Parish, Louisiana, US",9494
"Franklin Parish, Louisiana, US",20015
"Assumption Parish, Louisiana, US",21891
"Vermilion Parish, Louisiana, US",59511
"Concordia Parish, Louisiana, US",19259
"Oxford, Maine, US",57975
"Penobscot, Maine, US",152148
"Androscoggin, Maine, US",108277
"Cumberland, Maine, US",295003
"York, Maine, US",207641
"Somerset, Maine, US",50484
"Worcester, Maryland, US",52276
"Talbot, Maryland, US",37181
"Barnstable, Massachusetts, US",212990
"Berkshire, Massachusetts, US",124944
"Plymouth, Massachusetts, US",521202
"Norfolk, Massachusetts, US",706775
"Pasquotank, North Carolina, US",39824
"Robeson, North Carolina, US",130625
"Swain, North Carolina, US",14271
"Wake, North Carolina, US",1111761
"Anson, North Carolina, US",24446
"McDowell, North Carolina, US",45756
"Franklin, North Carolina, US",69685
"Jones, North Carolina, US",9419
"Macon, North Carolina, US",35858
"Brunswick, North Carolina, US",142820
"Transylvania, North Carolina, US",34385
"Beaufort, North Carolina, US",46994
"Columbus, North Carolina, US",55508
"Lincoln, North Carolina, US",86111
"Montgomery, North Carolina, US",27173
"Orange, North Carolina, US",148476
"Richmond, North Carolina, US",44829
"Sampson, North Carolina, US",63531
"Surry, North Carolina, US",71783
"Avery, North Carolina, US",17557
"Buncombe, North Carolina, US",261191
"Cabarrus, North Carolina, US",216453
"Caswell, North Carolina, US",22604
"Davie, North Carolina, US",42846
"Davidson, North Carolina, US",167609
"Duplin, North Carolina, US",58741
"Durham, North Carolina, US",321488
"Hertford, North Carolina, US",23677
"Lee, North Carolina, US",61779
"New Hanover, North Carolina, US",234473
"Pender, North Carolina, US",63060
"Wayne, North Carolina, US",123131
"Scotland, North Carolina, US",34823
"Watauga, North Carolina, US",56177
"Halifax, North Carolina, US",50010
"Alamance, North Carolina, US",169509
"Tyrrell, North Carolina, US",4016
"Stark, North Dakota, US",31489
"Wells, North Dakota, US",3834
"Burke, North Dakota, US",2115
"Mountrail, North Dakota, US",10545
"Williams, North Dakota, US",37589
"Billings, North Dakota, US",928
"Jackson, North Carolina, US",43938
"Kidder, North Dakota, US",2480
"Cavalier, North Dakota, US",3762
"Grant, North Dakota, US",2274
"McHenry, North Dakota, US",5745
"ComerÃ­o Municipio, Puerto Rico, US",18648
"Juana DÃ­az Municipio, Puerto Rico, US",44679
"Las MarÃ­as Municipio, Puerto Rico, US",7927
"Corozal Municipio, Puerto Rico, US",32293
"Maunabo Municipio, Puerto Rico, US",10321
"Ponce Municipio, Puerto Rico, US",131881
"Toa Alta Municipio, Puerto Rico, US",72025
"Toa Baja Municipio, Puerto Rico, US",74271
"Vieques Municipio, Puerto Rico, US",8386
"Yabucoa Municipio, Puerto Rico, US",32282
"Aguada Municipio, Puerto Rico, US",36694
"Caguas Municipio, Puerto Rico, US",124606
"Cidra Municipio, Puerto Rico, US",38307
"Coamo Municipio, Puerto Rico, US",38336
"Dorado Municipio, Puerto Rico, US",36141
"Luquillo Municipio, Puerto Rico, US",17665
"Barranquitas Municipio, Puerto Rico, US",27725
"Orocovis Municipio, Puerto Rico, US",20220
"San Lorenzo Municipio, Puerto Rico, US",35989
"Ceiba Municipio, Puerto Rico, US",10904
"Ciales Municipio, Puerto Rico, US",15808
"Isabela Municipio, Puerto Rico, US",40423
"Jayuya Municipio, Puerto Rico, US",13891
"Lares Municipio, Puerto Rico, US",24276
"San Juan Municipio, Puerto Rico, US",318441
"Vega Alta Municipio, Puerto Rico, US",36061
"Maricao Municipio, Puerto Rico, US",5430
"Johnston, North Carolina, US",209339
"Person, North Carolina, US",39490
"Ashe, North Carolina, US",27203
"Lenoir, North Carolina, US",55949
"Onslow, North Carolina, US",197938
"Rutherford, North Carolina, US",67029
"Yadkin, North Carolina, US",37667
"Burke, North Carolina, US",90485
"Traill, North Dakota, US",8036
"Dickey, North Dakota, US",4872
"Ward, North Dakota, US",67641
"Pembina, North Dakota, US",6801
"Hettinger, North Dakota, US",2499
"Cass, North Dakota, US",181923
"Emmons, North Dakota, US",3241
"Richland, North Dakota, US",16177
"Adams, North Dakota, US",2216
"Eddy, North Dakota, US",2287
"Mercer, North Dakota, US",8187
"Ransom, North Dakota, US",5218
"Sioux, North Dakota, US",4230
"Golden Valley, North Dakota, US",1761
"Towner, North Dakota, US",2189
"Divide, North Dakota, US",2264
"Sargent, North Dakota, US",3898
"Meigs, Ohio, US",22907
"Champaign, Ohio, US",38885
"Greene, Ohio, US",168937
"Lawrence, Ohio, US",59463
"Morgan, Ohio, US",14508
"Wyandot, Ohio, US",21772
"Erie, Ohio, US",74266
"Logan, Ohio, US",45672
"Summit, Ohio, US",541013
"Shelby, Ohio, US",48590
"Williams, Ohio, US",36692
"Columbiana, Ohio, US",101883
"Fulton, Ohio, US",42126
"Gallia, Ohio, US",29898
"Mahoning, Ohio, US",228683
"Scioto, Ohio, US",75314
"Morrow, Ohio, US",35328
"Preble, Ohio, US",40882
"Allen, Ohio, US",102351
"Crawford, Ohio, US",41494
"Guernsey, Ohio, US",38875
"Mercer, Ohio, US",41172
"Clark, Ohio, US",134083
"Lorain, Ohio, US",309833
"Montgomery, Ohio, US",531687
"Warren, Ohio, US",234602
"Ashtabula, Ohio, US",97241
"Kay, Oklahoma, US",43538
"Craig, Oklahoma, US",14142
"Canadian, Oklahoma, US",148306
"Latimer, Oklahoma, US",10073
"Texas, Oklahoma, US",19983
"Pushmataha, Oklahoma, US",11096
"Johnston, Oklahoma, US",11085
"Bacon, Georgia, US",11164
"Brantley, Georgia, US",19109
"Livingston, Illinois, US",35648
"Scott, Illinois, US",4951
"Tazewell, Illinois, US",131803
"Warren, Illinois, US",16844
"Harrison, Indiana, US",40515
"LaPorte, Indiana, US",109888
"Wabash, Indiana, US",30996
"Jasper, Indiana, US",33562
"Martin, Indiana, US",10255
"Porter, Indiana, US",170389
"Ripley, Indiana, US",28324
"Spencer, Indiana, US",20277
"Tipton, Indiana, US",15148
"Vigo, Indiana, US",107038
"Warrick, Indiana, US",62998
"DeKalb, Indiana, US",43475
"LaGrange, Indiana, US",39614
"Rush, Indiana, US",16581
"Boone, Indiana, US",67843
"Lake, Indiana, US",485493
"Montgomery, Indiana, US",38338
"Adams, Indiana, US",35777
"Fayette, Indiana, US",23102
"Clay, Indiana, US",26225
"Dubois, Indiana, US",42736
"Franklin, Indiana, US",22758
"Hancock, Indiana, US",78168
"Howard, Indiana, US",82544
"Ohio, Indiana, US",5875
"Parke, Indiana, US",16937
"Randolph, Indiana, US",24665
"Benton, Indiana, US",8748
"Brown, Indiana, US",15092
"Putnam, Indiana, US",37576
"Washington, Indiana, US",28036
"Daviess, Indiana, US",33351
"Henry, Indiana, US",47972
"Knox, Indiana, US",36594
"Madison, Indiana, US",129569
"Pike, Indiana, US",12389
"Pulaski, Indiana, US",12353
"Steuben, Indiana, US",34594
"Poweshiek, Iowa, US",18504
"Clayton, Iowa, US",17549
"Bremer, Iowa, US",25062
"Emmet, Iowa, US",9208
"Hancock, Iowa, US",10630
"Jackson, Iowa, US",19439
"Lee, Iowa, US",33657
"Warren, Iowa, US",51466
"Mahaska, Iowa, US",22095
"Clay, Iowa, US",16016
"Delaware, Iowa, US",17011
"Wayne, Iowa, US",6441
"Scott, Iowa, US",172943
"Sherman, Kansas, US",5917
"Thomas, Kansas, US",7777
"Morris, Kansas, US",5620
"Rooks, Kansas, US",4920
"Clark, Kansas, US",1994
"Benson, North Dakota, US",6832
"LaMoure, North Dakota, US",4046
"Morton, North Dakota, US",31364
"Dunn, North Dakota, US",4424
"McIntosh, North Dakota, US",2497
"Nelson, North Dakota, US",2879
"Rolette, North Dakota, US",14176
"Walsh, North Dakota, US",10641
"Bottineau, North Dakota, US",6282
"Barnes, North Dakota, US",10415
"Grand Forks, North Dakota, US",69451
"McKenzie, North Dakota, US",15024
"McLean, North Dakota, US",9450
"Pierce, North Dakota, US",3975
"Renville, North Dakota, US",2327
"Bowman, North Dakota, US",3024
"Burleigh, North Dakota, US",95626
"Logan, North Dakota, US",1850
"Oliver, North Dakota, US",1959
"Stutsman, North Dakota, US",20704
"Ramsey, North Dakota, US",11519
"Foster, North Dakota, US",3210
"Griggs, North Dakota, US",2231
"Sheridan, North Dakota, US",1315
"Slope, North Dakota, US",750
"Union, Ohio, US",58988
"Pike, Ohio, US",27772
"Paulding, Ohio, US",18672
"Hamilton, Ohio, US",817473
"Franklin, Ohio, US",1316756
"Marion, Ohio, US",65093
"Tuscarawas, Ohio, US",91987
"Wayne, Ohio, US",115710
"Brown, Ohio, US",43432
"Butler, Ohio, US",383134
"Harrison, Ohio, US",15040
"Knox, Ohio, US",62322
"Licking, Ohio, US",176862
"Richland, Ohio, US",121154
"Vinton, Ohio, US",13085
"Carroll, Ohio, US",26914
"Hancock, Ohio, US",75783
"Clermont, Ohio, US",206428
"Steele, North Dakota, US",1890
"Fairfield, Ohio, US",157574
"Defiance, Ohio, US",38087
"Highland, Ohio, US",43161
"Henry, Ohio, US",27006
"Jefferson, Ohio, US",65325
"Portage, Ohio, US",162466
"Putnam, Ohio, US",33861
"Colonial Heights city, Virginia, US",17370
"Bland, Virginia, US",6280
"Botetourt, Virginia, US",33419
"Bristol city, Virginia, US",16762
"Williamsburg city, Virginia, US",14954
"Carroll, Virginia, US",29791
"Washington, Virginia, US",53740
"Page, Virginia, US",23902
"Alexandria city, Virginia, US",159428
"Hampton city, Virginia, US",134510
"Arlington, Virginia, US",236842
"Buchanan, Virginia, US",21004
"Stafford, Virginia, US",152882
"Richmond city, Virginia, US",230436
"Essex, Virginia, US",10953
"Tazewell, Virginia, US",40595
"Manassas Park city, Virginia, US",17478
"Sussex, Virginia, US",11159
"Manassas city, Virginia, US",41085
"Salem city, Virginia, US",25301
"Charlotte, Virginia, US",11880
"Greensville, Virginia, US",11336
"Thurston, Washington, US",290536
"Columbia, Washington, US",3985
"Klickitat, Washington, US",22425
"Grays Harbor, Washington, US",75061
"Wahkiakum, Washington, US",4488
"Grant, Washington, US",97733
"Snohomish, Washington, US",822083
"Summers, West Virginia, US",12573
"Greenbrier, West Virginia, US",34662
"Mineral, West Virginia, US",26868
"Lewis, West Virginia, US",15907
"Pocahontas, West Virginia, US",8247
"Randolph, West Virginia, US",28695
"Wirt, West Virginia, US",5821
"Clay, West Virginia, US",8508
"Monongalia, West Virginia, US",105612
"Wetzel, West Virginia, US",15065
"Kanawha, West Virginia, US",178124
"Preston, West Virginia, US",33432
"Ritchie, West Virginia, US",9554
"Lincoln, West Virginia, US",20409
"Braxton, West Virginia, US",13957
"Boone, West Virginia, US",21457
"Wyoming, West Virginia, US",20394
"Dunn, Wisconsin, US",45368
"Grant, Wisconsin, US",51439
"Sheboygan, Wisconsin, US",115340
"Menominee, Wisconsin, US",4556
"Buffalo, Wisconsin, US",13031
"La Crosse, Wisconsin, US",118016
"Marathon, Wisconsin, US",135692
"Trempealeau, Wisconsin, US",29649
"Dodge, Wisconsin, US",87839
"Vilas, Wisconsin, US",22195
"Manitowoc, Wisconsin, US",78981
"Burnett, Wisconsin, US",15414
"Desha, Arkansas, US",11361
"Fulton, Arkansas, US",12477
"Howard, Arkansas, US",13202
"Garland, Arkansas, US",99386
"Mississippi, Arkansas, US",40651
"Pope, Arkansas, US",64072
"Prairie, Arkansas, US",8062
"Union, Arkansas, US",38682
"Woodruff, Arkansas, US",6320
"Cleburne, Arkansas, US",24919
"Cleveland, Arkansas, US",7956
"Jackson, Arkansas, US",16719
"Hempstead, Arkansas, US",21532
"Sharp, Arkansas, US",17442
"Stone, Arkansas, US",12506
"Washington, Arkansas, US",239187
"Baxter, Arkansas, US",41932
"Ashley, Arkansas, US",19657
"Craighead, Arkansas, US",110332
"Greene, Arkansas, US",45325
"Perry, Arkansas, US",10455
"Poinsett, Arkansas, US",23528
"Sevier, Arkansas, US",17007
"Calhoun, Arkansas, US",5189
"Clark, Arkansas, US",22320
"Lawrence, Arkansas, US",16406
"Monroe, Arkansas, US",6701
"Ben Hill, Georgia, US",16700
"Burke, Georgia, US",22383
"Catoosa, Georgia, US",67580
"Chattahoochee, Georgia, US",10907
"Chattooga, Georgia, US",24789
"Columbia, Georgia, US",156714
"Decatur, Georgia, US",26404
"Floyd, Georgia, US",98498
"Forsyth, Georgia, US",244252
"Habersham, Georgia, US",45328
"Hart, Georgia, US",26205
"Lowndes, Georgia, US",117406
"McIntosh, Georgia, US",14378
"Meriwether, Georgia, US",21167
"Monroe, Georgia, US",27578
"Putnam, Georgia, US",22119
"Sumter, Georgia, US",29524
"Taliaferro, Georgia, US",1537
"Warren, Georgia, US",5254
"Bryan, Georgia, US",39627
"Butts, Georgia, US",24936
"Camden, Georgia, US",54666
"Crawford, Georgia, US",12404
"Early, Georgia, US",10190
"Coffee, Georgia, US",43273
"Coweta, Georgia, US",148509
"Gilmer, Georgia, US",31369
"Walton, Georgia, US",94593
"Wilkes, Georgia, US",9777
"Dodge, Georgia, US",20605
"Gordon, Georgia, US",57963
"Cherokee, Georgia, US",258773
"Fayette, Georgia, US",114421
"Lee, Georgia, US",29992
"Pickens, Georgia, US",32591
"Greene, Georgia, US",18324
"Cook, Georgia, US",17270
"Dawson, Georgia, US",26108
"Fulton, Georgia, US",1063937
"Hawaii, Hawaii, US",201513
"Honolulu, Hawaii, US",974563
"Kauai, Hawaii, US",72293
"Kalawao, Hawaii, US",86
"Cassia, Idaho, US",24030
"Lincoln, Idaho, US",5366
"Valley, Idaho, US",11392
"Franklin, Idaho, US",13876
"Nez Perce, Idaho, US",40408
"Kootenai, Idaho, US",165697
"Minidoka, Idaho, US",21039
"Twin Falls, Idaho, US",86878
"Blaine, Idaho, US",23021
"Boise, Idaho, US",7831
"Butte, Idaho, US",2597
"Gooding, Idaho, US",15179
"Ada, Idaho, US",481587
"Bear Lake, Idaho, US",6125
"Bingham, Idaho, US",46811
"Camas, Idaho, US",1106
"Clearwater, Idaho, US",8756
"Harper, Kansas, US",5436
"Lyon, Kansas, US",33195
"Pawnee, Kansas, US",6414
"Comanche, Kansas, US",1700
"Gove, Kansas, US",2636
"Harvey, Kansas, US",34429
"Kearny, Kansas, US",3838
"McPherson, Kansas, US",28542
"Greeley, Kansas, US",1232
"Ellis, Kansas, US",28553
"Linn, Kansas, US",9703
"Seward, Kansas, US",21428
"Johnson, Kansas, US",602401
"Miami, Kansas, US",34237
"Shelby, Missouri, US",5930
"Webster, Missouri, US",39592
"Atchison, Missouri, US",5143
"Bates, Missouri, US",16172
"Benton, Missouri, US",19443
"Carter, Missouri, US",5982
"Dade, Missouri, US",7561
"Fayette, Ohio, US",28525
"Perry, Ohio, US",36134
"Pickaway, Ohio, US",58457
"Madison, Ohio, US",44731
"Muskingum, Ohio, US",86215
"Sandusky, Ohio, US",58518
"Van Wert, Ohio, US",28275
"Washington, Ohio, US",59911
"Auglaize, Ohio, US",45656
"Darke, Ohio, US",51113
"Ottawa, Ohio, US",40525
"Hardin, Ohio, US",31365
"Jackson, Ohio, US",32413
"Huron, Ohio, US",58266
"Athens, Ohio, US",65327
"Adams, Ohio, US",27698
"Medina, Ohio, US",179746
"Lucas, Ohio, US",428348
"Noble, Ohio, US",14424
"Seneca, Ohio, US",55178
"Stark, Ohio, US",370606
"Coshocton, Ohio, US",36600
"Delaware, Ohio, US",209177
"Geauga, Ohio, US",93649
"Hocking, Ohio, US",28264
"Lake, Ohio, US",230149
"Ross, Ohio, US",76666
"Cuyahoga, Ohio, US",1235072
"Holmes, Ohio, US",43960
"Miami, Ohio, US",106987
"Monroe, Ohio, US",13654
"Trumbull, Ohio, US",197974
"Wood, Ohio, US",130817
"Ashland, Ohio, US",53484
"Dewey, Oklahoma, US",4891
"Harper, Oklahoma, US",3688
"Logan, Oklahoma, US",48011
"Tulsa, Oklahoma, US",651552
"Washington, Oklahoma, US",51527
"Harmon, Oklahoma, US",2653
"Haskell, Oklahoma, US",12627
"Okmulgee, Oklahoma, US",38465
"Osage, Oklahoma, US",46963
"Belmont, Ohio, US",67006
"Clinton, Ohio, US",41968
"Jefferson, Oklahoma, US",6002
"Garfield, Oklahoma, US",61056
"Garvin, Oklahoma, US",27711
"Pittsburg, Oklahoma, US",43654
"Fluvanna, Virginia, US",27270
"Amelia, Virginia, US",13145
"Radford city, Virginia, US",18249
"Door, Wisconsin, US",27668
"Fond du Lac, Wisconsin, US",103403
"Pepin, Wisconsin, US",7287
"Richland, Wisconsin, US",17252
"Waushara, Wisconsin, US",24443
"Lafayette, Wisconsin, US",16665
"Pierce, Wisconsin, US",42754
"Calumet, Wisconsin, US",50089
"Kenosha, Wisconsin, US",169561
"Johnson, Wyoming, US",8445
"Laramie, Wyoming, US",99500
"Teton, Wyoming, US",23464
"San Jacinto, Texas, US",28859
"Upshur, Texas, US",41753
"Waller, Texas, US",55246
"Wilson, Texas, US",51070
"Hockley, Texas, US",23021
"Midland, Texas, US",176832
"Llano, Texas, US",21795
"Fannin, Texas, US",35514
"Brazos, Texas, US",229211
"Gaines, Texas, US",21492
"Gray, Texas, US",21886
"Jack, Texas, US",8935
"Bosque, Texas, US",18685
"Bexar, Texas, US",2003554
"Baylor, Texas, US",3509
"Denton, Texas, US",887207
"Galveston, Texas, US",342139
"Roberts, Texas, US",854
"Uvalde, Texas, US",26741
"Bowie, Texas, US",93245
"Kent, Texas, US",762
"Somervell, Texas, US",9128
"Hardin, Texas, US",57602
"Leon, Texas, US",17404
"Newton, Texas, US",13595
"Reeves, Texas, US",15976
"Travis, Texas, US",1273954
"Collingsworth, Texas, US",2920
"Erath, Texas, US",42698
"Motley, Texas, US",1200
"Coleman, Texas, US",8175
"Medina, Texas, US",51584
"Henderson, Texas, US",82737
"Lamar, Texas, US",49859
"Kimble, Texas, US",4337
"Washington, Texas, US",35882
"Stephens, Texas, US",9366
"Andrews, Texas, US",18705
"Gonzales, Texas, US",20837
"Lynn, Texas, US",5951
"Zapata, Texas, US",14179
"Hood, Texas, US",61643
"King, Texas, US",272
"Cherokee, Texas, US",52646
"Delta, Texas, US",5331
"Jones, Texas, US",20083
"Jim Wells, Texas, US",40482
"Dallam, Texas, US",7287
"Howard, Maryland, US",325690
"Prince George's, Maryland, US",909327
"Anne Arundel, Maryland, US",579234
"Baltimore, Maryland, US",827370
"Frederick, Maryland, US",259547
"Calvert, Maryland, US",92525
"Garrett, Maryland, US",29014
"Kent, Maryland, US",19422
"Montgomery, Maryland, US",1050688
"Carroll, Maryland, US",168447
"Queen Anne's, Maryland, US",50381
"St. Mary's, Maryland, US",113510
"Charles, Maryland, US",163257
"Dorchester, Maryland, US",31929
"Washington, Maryland, US",151049
"Wicomico, Maryland, US",103609
"Cecil, Maryland, US",102855
"Caroline, Maryland, US",33406
"Suffolk, Massachusetts, US",803907
"Dukes, Massachusetts, US",17332
"Middlesex, Massachusetts, US",1611699
"Bristol, Massachusetts, US",565217
"Hampden, Massachusetts, US",466372
"Essex, Massachusetts, US",789034
"Franklin, Massachusetts, US",70180
"Worcester, Massachusetts, US",830622
"Hampshire, Massachusetts, US",160830
"Conway, Arkansas, US",20846
"Newton, Arkansas, US",7753
"Arkansas, Arkansas, US",17486
"Lonoke, Arkansas, US",73309
"Carroll, Arkansas, US",28380
"St. Francis, Arkansas, US",24994
"Pulaski, Arkansas, US",391911
"Merced, California, US",277680
"Mariposa, California, US",17203
"Modoc, California, US",8841
"Contra Costa, California, US",1153526
"Inyo, California, US",18039
"Stanislaus, California, US",550660
"Santa Barbara, California, US",446499
"Tehama, California, US",65084
"Mono, California, US",14444
"San Benito, California, US",62808
"Sacramento, California, US",1552058
"El Dorado, California, US",192843
"Monterey, California, US",434061
"San Francisco, California, US",881549
"San Diego, California, US",3338330
"Tulare, California, US",466195
"Humboldt, California, US",135558
"Alpine, California, US",1129
"Madera, California, US",157327
"Santa Cruz, California, US",273213
"Trinity, California, US",12285
"Riverside, California, US",2470546
"San Bernardino, California, US",2180085
"Marin, California, US",258826
"Placer, California, US",398329
"Shasta, California, US",180080
"Solano, California, US",447643
"Colusa, California, US",21547
"Nantucket, Massachusetts, US",11399
"Allegan, Michigan, US",118081
"Alger, Michigan, US",9108
"Oceana, Michigan, US",26467
"Clare, Michigan, US",30950
"Isabella, Michigan, US",69872
"Tuscola, Michigan, US",52245
"Alpena, Michigan, US",28405
"Midland, Michigan, US",83156
"Oscoda, Michigan, US",8241
"Clinton, Michigan, US",79595
"Gratiot, Michigan, US",40711
"Lenawee, Michigan, US",98451
"Montcalm, Michigan, US",63888
"St. Clair, Michigan, US",159128
"Washtenaw, Michigan, US",367601
"Cass, Michigan, US",51787
"Roscommon, Michigan, US",24019
"Branch, Michigan, US",43517
"Jackson, Michigan, US",158510
"Macomb, Michigan, US",873972
"Baraga, Michigan, US",8209
"Eaton, Michigan, US",110268
"Jefferson, Idaho, US",29871
"Crisp, Georgia, US",22372
"Cobb, Georgia, US",760141
"Dade, Georgia, US",16116
"Brooks, Georgia, US",15457
"Elbert, Georgia, US",19194
"Jenkins, Georgia, US",8676
"Newton, Georgia, US",111744
"Colquitt, Georgia, US",45600
"Clayton, Georgia, US",292256
"Hall, Georgia, US",204441
"Maui, Hawaii, US",167417
"Oneida, Idaho, US",4531
"Gem, Idaho, US",18112
"Adams, Idaho, US",4294
"Jerome, Idaho, US",24412
"Lewis, Idaho, US",3838
"Owyhee, Idaho, US",11823
"Boundary, Idaho, US",12245
"Caribou, Idaho, US",7155
"Bannock, Idaho, US",87808
"Bonneville, Idaho, US",119062
"Canyon, Idaho, US",229849
"Latah, Idaho, US",40108
"Sangamon, Illinois, US",194672
"Randolph, Illinois, US",31782
"Ogle, Illinois, US",50643
"Morgan, Illinois, US",33658
"White, Illinois, US",13537
"Henderson, Illinois, US",6646
"McLean, Illinois, US",171517
"Perry, Illinois, US",20916
"Rock Island, Illinois, US",141879
"Wabash, Illinois, US",11520
"Cumberland, Illinois, US",10766
"Jo Daviess, Illinois, US",21235
"Lawrence, Illinois, US",15678
"Marshall, Illinois, US",11438
"Christian, Illinois, US",32304
"Jackson, Illinois, US",56750
"Peoria, Illinois, US",179179
"Piatt, Illinois, US",16344
"Stark, Illinois, US",5342
"Bond, Illinois, US",16426
"Carroll, Illinois, US",14305
"Jersey, Illinois, US",21773
"Fayette, Illinois, US",21336
"Logan, Illinois, US",28618
"Howell, Missouri, US",40117
"Johnson, Missouri, US",54062
"Laclede, Missouri, US",35723
"Maries, Missouri, US",8697
"Phelps, Missouri, US",44573
"Platte, Missouri, US",104418
"St. Francois, Missouri, US",67215
"St. Louis city, Missouri, US",300576
"Andrew, Missouri, US",17712
"Butler, Missouri, US",42478
"Carroll, Missouri, US",8679
"Daviess, Missouri, US",8278
"Holt, Missouri, US",4403
"Marion, Missouri, US",28530
"Osage, Missouri, US",13615
"Ripley, Missouri, US",13288
"Warren, Missouri, US",35649
"Washington, Missouri, US",24730
"Christian, Missouri, US",88595
"DeKalb, Missouri, US",12547
"Harrison, Missouri, US",8352
"Lafayette, Missouri, US",32708
"Adair, Missouri, US",25343
"Scotland, Missouri, US",4902
"Sullivan, Missouri, US",6089
"Clark, Missouri, US",6797
"Jasper, Missouri, US",121328
"Lewis, Missouri, US",9776
"McDonald, Missouri, US",22837
"Perry, Missouri, US",19136
"Polk, Missouri, US",32149
"Ray, Missouri, US",23018
"Hill, Montana, US",16484
"Chouteau, Montana, US",5635
"Lincoln, Montana, US",19980
"Park, Montana, US",16606
"Treasure, Montana, US",696
"Blaine, Montana, US",6681
"Sweet Grass, Montana, US",3737
"Teton, Montana, US",6147
"Prairie, Montana, US",1077
"Glacier, Montana, US",13753
"Fallon, Montana, US",2846
"Linn, Missouri, US",11920
"Golden Valley, Montana, US",821
"Silver Bow, Montana, US",34915
"Stillwater, Montana, US",9642
"Jefferson, Montana, US",12221
"Granite, Montana, US",3379
"Wheatland, Montana, US",2126
"Madison, Montana, US",8600
"Winchester city, Virginia, US",28078
"Accomack, Virginia, US",32316
"Craig, Virginia, US",5131
"Floyd, Virginia, US",15749
"Giles, Virginia, US",16720
"Grayson, Virginia, US",15550
"Nottoway, Virginia, US",15232
"Rappahannock, Virginia, US",7370
"Charles City, Virginia, US",6963
"Culpeper, Virginia, US",52605
"Dinwiddie, Virginia, US",28544
"Greene, Virginia, US",19819
"Hanover, Virginia, US",107766
"Lunenburg, Virginia, US",12196
"Orange, Virginia, US",37051
"Emporia city, Virginia, US",5346
"Wythe, Virginia, US",28684
"Chesapeake city, Virginia, US",244835
"Harrisonburg city, Virginia, US",53016
"Albemarle, Virginia, US",109330
"Bedford, Virginia, US",78997
"Buckingham, Virginia, US",17148
"Wise, Virginia, US",37383
"Covington city, Virginia, US",5538
"Portsmouth city, Virginia, US",94398
"Virginia Beach city, Virginia, US",449974
"Alleghany, Virginia, US",14860
"Galax city, Virginia, US",6347
"Westmoreland, Virginia, US",18015
"Northumberland, Virginia, US",12095
"Pulaski, Virginia, US",34027
"Warren, Virginia, US",40164
"Danville city, Virginia, US",40044
"Fredericksburg city, Virginia, US",29036
"Amherst, Virginia, US",31605
"Bath, Virginia, US",4147
"Hopewell city, Virginia, US",22529
"Newport News city, Virginia, US",179225
"Frederick, Virginia, US",89313
"Lynchburg city, Virginia, US",82168
"York, Virginia, US",68280
"Martinsville city, Virginia, US",12554
"Nelson, Virginia, US",14930
"Pittsylvania, Virginia, US",60354
"Buena Vista city, Virginia, US",6478
"Falls Church city, Virginia, US",14617
"Petersburg city, Virginia, US",31346
"Poquoson city, Virginia, US",12271
"Fairfax city, Virginia, US",24019
"Waynesboro city, Virginia, US",22630
"Fort Bend, Texas, US",811688
"Irion, Texas, US",1536
"Willacy, Texas, US",21358
"Dawson, Texas, US",12728
"Burleson, Texas, US",18443
"Nueces, Texas, US",362294
"Rains, Texas, US",12514
"Real, Texas, US",3452
"Sterling, Texas, US",1291
"Carson, Texas, US",5926
"Freestone, Texas, US",19717
"Hardeman, Texas, US",3933
"Briscoe, Texas, US",1546
"Liberty, Texas, US",88219
"Loving, Texas, US",169
"Robertson, Texas, US",17074
"Rusk, Texas, US",54406
"Trinity, Texas, US",14651
"Bandera, Texas, US",23112
"Childress, Texas, US",7306
"Comal, Texas, US",156209
"Houston, Texas, US",22968
"Navarro, Texas, US",50113
"Scurry, Texas, US",16703
"Stonewall, Texas, US",1350
"Bastrop, Texas, US",88723
"Bee, Texas, US",32565
"Crane, Texas, US",4797
"Rutland, Vermont, US",58191
"Orange, Vermont, US",28892
"Windsor, Vermont, US",55062
"Utah, Utah, US",636235
"Duchesne, Utah, US",19938
"Uintah, Utah, US",35734
"Davis, Utah, US",355481
"Emery, Utah, US",10012
"Garfield, Utah, US",5051
"Isle of Wight, Virginia, US",37109
"Franklin city, Virginia, US",7967
"Lexington city, Virginia, US",7446
"Henry, Virginia, US",50557
"King William, Virginia, US",17148
"Louisa, Virginia, US",37591
"Prince Edward, Virginia, US",22802
"Rockingham, Virginia, US",81948
"Surry, Virginia, US",6422
"Clarke, Virginia, US",14619
"Mecklenburg, Virginia, US",30587
"Augusta, Virginia, US",75558
"Goochland, Virginia, US",23753
"Madison, Virginia, US",13261
"Roanoke, Virginia, US",94186
"Brunswick, Virginia, US",16231
"Northampton, Virginia, US",11710
"Rockbridge, Virginia, US",22573
"Norton city, Virginia, US",3981
"Guayanilla Municipio, Puerto Rico, US",17623
"Chippewa, Michigan, US",37349
"Monroe, Michigan, US",150500
"Oakland, Michigan, US",1257584
"Hillsdale, Michigan, US",45605
"Muskegon, Michigan, US",173566
"Leelanau, Michigan, US",21761
"Lapeer, Michigan, US",87607
"Sanilac, Michigan, US",41170
"Keweenaw, Michigan, US",2116
"Ontonagon, Michigan, US",5720
"Ottawa, Michigan, US",291830
"Alcona, Michigan, US",10405
"Ionia, Michigan, US",64697
"Kalkaska, Michigan, US",18038
"Berrien, Michigan, US",153401
"Ogemaw, Michigan, US",20997
"Wexford, Michigan, US",33631
"Crawford, Michigan, US",14029
"Dickinson, Michigan, US",25239
"Huron, Michigan, US",30981
"Ingham, Michigan, US",292406
"Mason, Michigan, US",29144
"Menominee, Michigan, US",22780
"Missaukee, Michigan, US",15118
"St. Joseph, Michigan, US",60964
"Van Buren, Michigan, US",75677
"Arenac, Michigan, US",14883
"Barry, Michigan, US",61550
"Iron, Michigan, US",11066
"Benzie, Michigan, US",17766
"Schoolcraft, Michigan, US",8094
"Wayne, Michigan, US",1749343
"Grand Traverse, Michigan, US",93088
"Mackinac, Michigan, US",10799
"Genesee, Michigan, US",405813
"Gogebic, Michigan, US",13975
"Meeker, Minnesota, US",23222
"Rice, Minnesota, US",66972
"Red Lake, Minnesota, US",4055
"Clay, Minnesota, US",64222
"Fillmore, Minnesota, US",21067
"Polk, Minnesota, US",31364
"Sibley, Minnesota, US",14865
"Watonwan, Minnesota, US",10897
"Big Stone, Minnesota, US",4991
"Cass, Minnesota, US",29779
"Hubbard, Minnesota, US",21491
"Martin, Minnesota, US",19683
"Nobles, Minnesota, US",21629
"Sherburne, Minnesota, US",97238
"Carver, Minnesota, US",105089
"McLeod, Minnesota, US",35893
"Ramsey, Minnesota, US",550321
"Winona, Minnesota, US",50484
"Dodge, Minnesota, US",20934
"Crow Wing, Minnesota, US",65055
"Wright, Minnesota, US",138377
"St. Clair, Alabama, US",89512
"Cullman, Alabama, US",83768
"Warren, Indiana, US",8265
"Vermillion, Indiana, US",15498
"Wells, Indiana, US",28296
"Allen, Indiana, US",379299
"Decatur, Indiana, US",26559
"Delaware, Indiana, US",114135
"Floyd, Indiana, US",78522
"Jefferson, Indiana, US",32308
"Jennings, Indiana, US",27735
"Johnson, Indiana, US",158167
"Miami, Indiana, US",35516
"Morgan, Indiana, US",70489
"Gibson, Indiana, US",33659
"Newton, Indiana, US",13984
"Orange, Indiana, US",19646
"St. Joseph, Indiana, US",271826
"Kosciusko, Indiana, US",79456
"Marshall, Indiana, US",46258
"Switzerland, Indiana, US",10751
"Vanderburgh, Indiana, US",181451
"Blackford, Indiana, US",11758
"Scott, Indiana, US",23873
"Monroe, Indiana, US",148431
"Elkhart, Indiana, US",206341
"Crawford, Indiana, US",10577
"Cass, Indiana, US",37689
"Marion, Indiana, US",964582
"Wayne, Indiana, US",65884
"Butler, Iowa, US",14439
"Fremont, Iowa, US",6960
"Hamilton, Iowa, US",14773
"Taylor, Iowa, US",6121
"Union, Iowa, US",12241
"Worth, Iowa, US",7381
"Ringgold, Iowa, US",4894
"Adair, Iowa, US",7152
"Chickasaw, Iowa, US",11933
"Clarke, Iowa, US",9395
"Dickinson, Iowa, US",17258
"Johnson, Iowa, US",151140
"Keokuk, Iowa, US",10246
"Tama, Iowa, US",16854
"Wapello, Iowa, US",34969
"Franklin, Iowa, US",10070
"Carroll, Iowa, US",20165
"Cedar, Iowa, US",18627
"Sheridan, Montana, US",3309
"Carter, Montana, US",1252
"Big Horn, Montana, US",13319
"Lake, Montana, US",30458
"Lewis and Clark, Montana, US",69432
"Pondera, Montana, US",5911
"Yellowstone, Montana, US",161300
"Missoula, Montana, US",119600
"Ravalli, Montana, US",43806
"Valley, Montana, US",7396
"Cascade, Montana, US",81366
"Fergus, Montana, US",11050
"Garfield, Montana, US",1258
"Mineral, Montana, US",4397
"Petroleum, Montana, US",487
"Powell, Montana, US",6890
"Sanders, Montana, US",12113
"Wibaux, Montana, US",969
"Gallatin, Montana, US",114434
"Meagher, Montana, US",1862
"Carbon, Montana, US",10725
"Beaverhead, Montana, US",9453
"Flathead, Montana, US",103806
"Musselshell, Montana, US",4633
"Harlan, Nebraska, US",3380
"York, Nebraska, US",13679
"Buffalo, Nebraska, US",49659
"Colfax, Nebraska, US",10709
"Hitchcock, Nebraska, US",2762
"Platte, Nebraska, US",33470
"Polk, Nebraska, US",5213
"Box Butte, Nebraska, US",10783
"Brown, Nebraska, US",2955
"Sheridan, Nebraska, US",5246
"Lancaster, Nebraska, US",319090
"Nuckolls, Nebraska, US",4148
"Banner, Nebraska, US",745
"Frontier, Nebraska, US",2627
"Douglas, Nebraska, US",571327
"Richardson, Nebraska, US",7865
"Holt, Nebraska, US",10067
"Furnas, Nebraska, US",4676
"Saline, Nebraska, US",14224
"Thurston, Nebraska, US",7224
"Washington, Nebraska, US",20729
"Cherry, Nebraska, US",5689
"Dodge, Nebraska, US",36565
"Garden, Nebraska, US",1837
"Morrill, Nebraska, US",4642
"Nemaha, Nebraska, US",6972
"Thomas, Nebraska, US",722
"Suffolk city, Virginia, US",92108
"Norfolk city, Virginia, US",242742
"Chesterfield, Virginia, US",352802
"Fairfax, Virginia, US",1147532
"Okanogan, Washington, US",42243
"Kittitas, Washington, US",47935
"Benton, Washington, US",204390
"Clark, Washington, US",488241
"Asotin, Washington, US",22582
"Adams, Washington, US",19983
"Garfield, Washington, US",2225
"Mason, Washington, US",66768
"Skagit, Washington, US",129205
"Stevens, Washington, US",45723
"Spokane, Washington, US",522798
"Lincoln, Washington, US",10939
"Chelan, Washington, US",77200
"Jefferson, Washington, US",32221
"Kitsap, Washington, US",271473
"King, Washington, US",2252782
"Pacific, Washington, US",22471
"Pend Oreille, Washington, US",13724
"San Juan, Washington, US",17582
"Skamania, Washington, US",12083
"Whitman, Washington, US",50104
"Yakima, Washington, US",250873
"Clallam, Washington, US",77331
"Cowlitz, Washington, US",110593
"Ferry, Washington, US",7627
"Lewis, Washington, US",80707
"Douglas, Washington, US",43429
"Island, Washington, US",85141
"Pierce, Washington, US",904980
"Franklin, Washington, US",95222
"Walla Walla, Washington, US",60760
"Whatcom, Washington, US",229247
"Grant, West Virginia, US",11568
"Hampshire, West Virginia, US",23175
"Brooke, West Virginia, US",21939
"Doddridge, West Virginia, US",8448
"Hardy, West Virginia, US",13776
"Marion, West Virginia, US",56072
"Mingo, West Virginia, US",23424
"Roanoke city, Virginia, US",99143
"Hancock, West Virginia, US",28810
"Marshall, West Virginia, US",30531
"Nicholas, West Virginia, US",24496
"Tucker, West Virginia, US",6839
"Tyler, West Virginia, US",8591
"Roane, West Virginia, US",13688
"Sabana Grande Municipio, Puerto Rico, US",21712
"Hormigueros Municipio, Puerto Rico, US",15518
"Utuado Municipio, Puerto Rico, US",27395
"Florida Municipio, Puerto Rico, US",11317
"Moca Municipio, Puerto Rico, US",34891
"Salinas Municipio, Puerto Rico, US",27128
"Guaynabo Municipio, Puerto Rico, US",83728
"Fajardo Municipio, Puerto Rico, US",29454
"Aguas Buenas Municipio, Puerto Rico, US",24814
"Hatillo Municipio, Puerto Rico, US",39218
"Santa Isabel Municipio, Puerto Rico, US",21209
"MayagÃ¼ez Municipio, Puerto Rico, US",71530
"RÃ­o Grande Municipio, Puerto Rico, US",48025
"AÃ±asco Municipio, Puerto Rico, US",26161
"CataÃ±o Municipio, Puerto Rico, US",23121
"GuÃ¡nica Municipio, Puerto Rico, US",15383
"LoÃ­za Municipio, Puerto Rico, US",24553
"Las Piedras Municipio, Puerto Rico, US",37007
"Vega Baja Municipio, Puerto Rico, US",50023
"Lemhi, Idaho, US",8027
"Payette, Idaho, US",23951
"Benewah, Idaho, US",9298
"Bonner, Idaho, US",45739
"Clark, Idaho, US",845
"Custer, Idaho, US",4315
"Elmore, Idaho, US",27511
"Fremont, Idaho, US",13099
"Madison, Idaho, US",39907
"Shoshone, Idaho, US",12882
"Idaho, Idaho, US",16667
"Teton, Idaho, US",12142
"Floyd, Iowa, US",15642
"Greene, Iowa, US",8888
"Louisa, Iowa, US",11035
"Lyon, Iowa, US",11755
"Winnebago, Iowa, US",10354
"Shelby, Iowa, US",11454
"Appanoose, Iowa, US",12426
"Iowa, Iowa, US",16184
"Page, Iowa, US",15107
"Winneshiek, Iowa, US",19991
"Pottawattamie, Iowa, US",93206
"Marshall, Iowa, US",39369
"Boone, Iowa, US",26234
"Buena Vista, Iowa, US",19620
"Howard, Iowa, US",9158
"Guthrie, Iowa, US",10689
"Humboldt, Iowa, US",9558
"Madison, Iowa, US",16338
"Antelope, Nebraska, US",6298
"Chase, Nebraska, US",3924
"Clay, Nebraska, US",6203
"Custer, Nebraska, US",10777
"Franklin, Nebraska, US",2979
"Hamilton, Nebraska, US",9324
"Jefferson, Nebraska, US",7046
"Keith, Nebraska, US",8034
"Loup, Nebraska, US",664
"Perkins, Nebraska, US",2891
"Saunders, Nebraska, US",21578
"Scotts Bluff, Nebraska, US",35618
"Keya Paha, Nebraska, US",806
"Kimball, Nebraska, US",3632
"Lincoln, Nebraska, US",34914
"Pierce, Nebraska, US",7148
"Sioux, Nebraska, US",1166
"Burt, Nebraska, US",6459
"Cass, Nebraska, US",26248
"Cuming, Nebraska, US",8846
"Dixon, Nebraska, US",5636
"Dundy, Nebraska, US",1693
"Grant, Nebraska, US",623
"Greeley, Nebraska, US",2356
"Hall, Nebraska, US",61353
"Hayes, Nebraska, US",922
"Otoe, Nebraska, US",16012
"Red Willow, Nebraska, US",10724
"Cedar, Nebraska, US",8402
"Dawes, Nebraska, US",8589
"Johnson, Nebraska, US",5071
"Cheyenne, Nebraska, US",8910
"Dawson, Nebraska, US",23595
"Garfield, Nebraska, US",1969
"McPherson, Nebraska, US",494
"Nance, Nebraska, US",3519
"Stanton, Nebraska, US",5920
"Valley, Nebraska, US",4158
"Churchill, Nevada, US",24909
"Douglas, Nevada, US",48905
"Pershing, Nevada, US",6725
"Eureka, Nevada, US",2029
"Humboldt, Nevada, US",16831
"Dakota, Nebraska, US",20026
"White Pine, Nevada, US",9580
"Elko, Nevada, US",52778
"Nye, Nevada, US",46523
"Storey, Nevada, US",4123
"Clark, Nevada, US",2266715
"Lyon, Nevada, US",57510
"Cheshire, New Hampshire, US",76085
"Wood, West Virginia, US",83518
"Gilmer, West Virginia, US",7823
"Mason, West Virginia, US",26516
"Monroe, West Virginia, US",13275
"Pleasants, West Virginia, US",7460
"Cabell, West Virginia, US",91945
"Jefferson, West Virginia, US",57146
"Logan, West Virginia, US",32019
"Pendleton, West Virginia, US",6969
"Harrison, West Virginia, US",67256
"Ohio, West Virginia, US",41411
"Calhoun, West Virginia, US",7109
"Morgan, West Virginia, US",17884
"Raleigh, West Virginia, US",73361
"Putnam, West Virginia, US",56450
"Barbour, West Virginia, US",16441
"McDowell, West Virginia, US",17624
"Wayne, West Virginia, US",39402
"Jackson, West Virginia, US",28576
"Mercer, West Virginia, US",58758
"Upshur, West Virginia, US",24176
"Webster, West Virginia, US",8114
"Berkeley, West Virginia, US",119171
"Fayette, West Virginia, US",42406
"Iron, Wisconsin, US",5687
"Clark, Wisconsin, US",34774
"St. Croix, Wisconsin, US",90687
"Oconto, Wisconsin, US",37930
"Lincoln, Wisconsin, US",27593
"Waupaca, Wisconsin, US",50990
"Barron, Wisconsin, US",45244
"Sawyer, Wisconsin, US",16558
"Green Lake, Wisconsin, US",18913
"Price, Wisconsin, US",13351
"Marquette, Wisconsin, US",15574
"Marinette, Wisconsin, US",40350
"Milwaukee, Wisconsin, US",945726
"Racine, Wisconsin, US",196311
"Winnebago, Wisconsin, US",171907
"Forest, Wisconsin, US",9004
"Green, Wisconsin, US",36960
"Rusk, Wisconsin, US",14178
"Shawano, Wisconsin, US",40899
"Langlade, Wisconsin, US",19189
"Taylor, West Virginia, US",16695
"Outagamie, Wisconsin, US",187885
"Vernon, Wisconsin, US",30822
"Columbia, Wisconsin, US",57532
"Kewaunee, Wisconsin, US",20434
"Glenn, California, US",28393
"Butte, California, US",219186
"Kings, California, US",152940
"Plumas, California, US",18807
"San Luis Obispo, California, US",283111
"Fresno, California, US",999101
"Kern, California, US",900202
"Orange, California, US",3175692
"Ventura, California, US",846006
"Calaveras, California, US",45905
"Sutter, California, US",96971
"San Mateo, California, US",766573
"Tuolumne, California, US",54478
"San Joaquin, California, US",762148
"Amador, California, US",39752
"Phillips, Colorado, US",4265
"Archuleta, Colorado, US",14029
"Denver, Colorado, US",727211
"Kiowa, Colorado, US",1406
"Huerfano, Colorado, US",6897
"Baca, Colorado, US",3581
"Gilpin, Colorado, US",6243
"Kit Carson, Colorado, US",7097
"Gunnison, Colorado, US",17462
"Mineral, Colorado, US",769
"Ouray, Colorado, US",4952
"Sedgwick, Colorado, US",2248
"Weld, Colorado, US",324492
"Custer, Colorado, US",5068
"Costilla, Colorado, US",3887
"Douglas, Colorado, US",351154
"Lake, Colorado, US",8127
"La Plata, Colorado, US",56221
"Pitkin, Colorado, US",17767
"Power, Idaho, US",7681
"Washington, Idaho, US",10194
"Hancock, Illinois, US",17708
"Madison, Illinois, US",262966
"Grundy, Illinois, US",51054
"Kankakee, Illinois, US",109862
"Mercer, Illinois, US",15437
"DuPage, Illinois, US",922921
"Alexander, Illinois, US",5761
"Menard, Illinois, US",12196
"LaSalle, Illinois, US",108669
"Cook, Illinois, US",5150233
"Macon, Illinois, US",104009
"Stephenson, Illinois, US",44498
"Wayne, Illinois, US",16215
"Woodford, Illinois, US",38459
"Franklin, Illinois, US",38469
"McDonough, Illinois, US",29682
"McHenry, Illinois, US",307774
"Moultrie, Illinois, US",14501
"Pike, Illinois, US",15561
"Pope, Illinois, US",4177
"St. Clair, Illinois, US",259686
"Shelby, Illinois, US",21634
"Champaign, Illinois, US",209689
"Calhoun, Illinois, US",4739
"Ford, Illinois, US",12961
"Kane, Illinois, US",532403
"Kendall, Illinois, US",128990
"Brown, Illinois, US",6578
"Marion, Illinois, US",37205
"Mason, Illinois, US",13359
"Iroquois, Illinois, US",27114
"Clay, Illinois, US",13184
"Gallatin, Illinois, US",4828
"Monroe, Illinois, US",34637
"Union, Illinois, US",16653
"Winnebago, Illinois, US",282572
"Pulaski, Illinois, US",5335
"Schuyler, Illinois, US",6768
"Edgar, Illinois, US",17161
"Boone, Illinois, US",53544
"Bureau, Illinois, US",32628
"Coles, Illinois, US",50621
"Crawford, Illinois, US",18667
"Putnam, Illinois, US",5739
"De Witt, Illinois, US",15638
"Lee, Illinois, US",34096
"Macoupin, Illinois, US",44926
"Richland, Illinois, US",15513
"Washington, Illinois, US",13887
"Saline, Illinois, US",23491
"Lake, Illinois, US",696535
"Massac, Illinois, US",13772
"Cass, Illinois, US",12147
"Huntington, Indiana, US",36520
"White, Indiana, US",24102
"Jay, Indiana, US",20436
"Shelby, Indiana, US",44729
"Rockingham, New Hampshire, US",309769
"Sullivan, New Hampshire, US",43146
"Hillsborough, New Hampshire, US",417025
"Coos, New Hampshire, US",31563
"Carroll, New Hampshire, US",48910
"Mercer, New Jersey, US",367430
"Cumberland, New Jersey, US",149527
"Somerset, New Jersey, US",328934
"Ocean, New Jersey, US",607186
"Atlantic, New Jersey, US",263670
"Middlesex, New Jersey, US",825062
"Salem, New Jersey, US",62385
"Cape May, New Jersey, US",92039
"Camden, New Jersey, US",506471
"Union, New Jersey, US",556341
"Hudson, New Jersey, US",672391
"Hunterdon, New Jersey, US",124371
"Morris, New Jersey, US",491845
"Hidalgo, New Mexico, US",4198
"McKinley, New Mexico, US",71367
"Sandoval, New Mexico, US",146748
"Grant, New Mexico, US",26998
"Curry, New Mexico, US",48954
"Eddy, New Mexico, US",58460
"Mora, New Mexico, US",4521
"San Juan, New Mexico, US",123958
"Benton, Mississippi, US",8259
"Franklin, Mississippi, US",7713
"Coahoma, Mississippi, US",22124
"Jasper, Mississippi, US",16383
"Jones, Mississippi, US",68098
"Walthall, Mississippi, US",14286
"Monroe, Mississippi, US",35252
"Pontotoc, Mississippi, US",32174
"Holmes, Mississippi, US",17010
"Amite, Mississippi, US",12297
"Madison, Mississippi, US",106272
"Calhoun, Mississippi, US",14361
"Marion, Mississippi, US",24573
"Tishomingo, Mississippi, US",19383
"Wayne, Mississippi, US",20183
"Greene, Mississippi, US",13586
"Marshall, Mississippi, US",35294
"Quitman, Mississippi, US",6792
"Grafton, New Hampshire, US",89886
"Pearl River, Mississippi, US",55535
"Leake, Mississippi, US",22786
"Neshoba, Mississippi, US",29118
"Rankin, Mississippi, US",155271
"Eau Claire, Wisconsin, US",104646
"Oneida, Wisconsin, US",35595
"Polk, Wisconsin, US",43783
"Washburn, Wisconsin, US",15720
"Waukesha, Wisconsin, US",404198
"Walworth, Wisconsin, US",103868
"Crawford, Wisconsin, US",16131
"Juneau, Wisconsin, US",26687
"Sauk, Wisconsin, US",64442
"Washington, Wisconsin, US",136034
"Chippewa, Wisconsin, US",64658
"Dane, Wisconsin, US",546695
"Douglas, Wisconsin, US",43150
"Jackson, Wisconsin, US",20643
"Iowa, Wisconsin, US",23678
"Ozaukee, Wisconsin, US",89221
"Portage, Wisconsin, US",70772
"Rock, Wisconsin, US",163354
"Taylor, Wisconsin, US",20343
"Adams, Wisconsin, US",20220
"Bayfield, Wisconsin, US",15036
"Monroe, Wisconsin, US",46253
"Wood, Wisconsin, US",72999
"Ashland, Wisconsin, US",15562
"Florence, Wisconsin, US",4295
"Jefferson, Wisconsin, US",84769
"Campbell, Wyoming, US",46341
"Lincoln, Wyoming, US",19830
"Natrona, Wyoming, US",79858
"Converse, Wyoming, US",13822
"Niobrara, Wyoming, US",2356
"Sweetwater, Wyoming, US",42343
"Warren, Tennessee, US",41277
"Washington, Tennessee, US",129375
"Weakley, Tennessee, US",33328
"Benton, Tennessee, US",16160
"Bledsoe, Tennessee, US",15064
"Campbell, Tennessee, US",39842
"Cannon, Tennessee, US",14678
"Houston, Tennessee, US",8201
"Maury, Tennessee, US",96387
"Polk, Texas, US",51353
"Refugio, Texas, US",6948
"Van Zandt, Texas, US",56590
"Caldwell, Texas, US",43664
"Brown, Wisconsin, US",264542
"Wilbarger, Texas, US",12769
"Martin, Texas, US",5771
"Reagan, Texas, US",3849
"Yoakum, Texas, US",8713
"Wallace, Kansas, US",1518
"Chase, Kansas, US",2648
"Stevens, Kansas, US",5485
"Smith, Kansas, US",3583
"Grant, Kansas, US",7150
"Jackson, Kansas, US",13171
"Kingman, Kansas, US",7152
"Logan, Kansas, US",2794
"Nemaha, Kansas, US",10231
"Pottawatomie, Kansas, US",24383
"Wyandotte, Kansas, US",165429
"Cherokee, Kansas, US",19939
"Butler, Kansas, US",66911
"Clay, Kansas, US",8002
"Lincoln, Kansas, US",2962
"Saline, Kansas, US",54224
"Sumner, Kansas, US",22836
"Trego, Kansas, US",2803
"Wabaunsee, Kansas, US",6931
"Wilson, Kansas, US",8525
"Mitchell, Kansas, US",5979
"Osborne, Kansas, US",3421
"Atchison, Kansas, US",16073
"Finney, Kansas, US",36467
"Hamilton, Kansas, US",2539
"Leavenworth, Kansas, US",81758
"Washington, Kansas, US",5406
"Wichita, Kansas, US",2119
"Morton, Kansas, US",2587
"Norton, Kansas, US",5361
"Barton, Kansas, US",25779
"Cloud, Kansas, US",8786
"Edwards, Kansas, US",2798
"Lane, Kansas, US",1535
"Rush, Kansas, US",3036
"Marion, Kansas, US",11884
"Neosho, Kansas, US",16007
"Ottawa, Kansas, US",5704
"Riley, Kansas, US",74232
"Antrim, Michigan, US",23324
"Houghton, Michigan, US",35684
"Livingston, Michigan, US",191995
"Iosco, Michigan, US",25127
"Lake, Michigan, US",11853
"Manistee, Michigan, US",24558
"Montmorency, Michigan, US",9328
"Presque Isle, Michigan, US",12592
"Gladwin, Michigan, US",25449
"Kalamazoo, Michigan, US",265066
"Mecosta, Michigan, US",43453
"Marquette, Michigan, US",66699
"Newaygo, Michigan, US",48980
"Osceola, Michigan, US",23460
"Otsego, Michigan, US",24668
"Calhoun, Michigan, US",134159
"Cheboygan, Michigan, US",25276
"Luce, Michigan, US",6229
"Kent, Michigan, US",656955
"Saginaw, Michigan, US",190539
"Shiawassee, Michigan, US",68122
"Bay, Michigan, US",103126
"Charlevoix, Michigan, US",26143
"Delta, Michigan, US",35784
"Rio Grande, Colorado, US",11267
"Bent, Colorado, US",5577
"Crowley, Colorado, US",6061
"San Juan, Colorado, US",728
"Larimer, Colorado, US",356899
"Logan, Colorado, US",22409
"San Miguel, Colorado, US",8179
"Teller, Colorado, US",25388
"Elbert, Colorado, US",26729
"Las Animas, Colorado, US",14506
"Lincoln, Colorado, US",5701
"Summit, Colorado, US",31011
"Alamosa, Colorado, US",16233
"Delta, Colorado, US",31162
"Fremont, Colorado, US",47839
"Montrose, Colorado, US",42758
"Morgan, Colorado, US",29068
"Saguache, Colorado, US",6824
"Prowers, Colorado, US",12172
"Hinsdale, Colorado, US",820
"Washington, Colorado, US",4908
"Grand, Colorado, US",15734
"Otero, Colorado, US",18278
"Broomfield, Colorado, US",70465
"Sussex, Delaware, US",234225
"District of Columbia, District of Columbia, US",705749
"New Haven, Connecticut, US",854757
"Hartford, Connecticut, US",891720
"Houston, Alabama, US",105882
"Tuscaloosa, Alabama, US",209355
"Coffee, Alabama, US",52342
"Chilton, Alabama, US",44428
"Coosa, Alabama, US",10663
"Etowah, Alabama, US",102268
"Lamar, Alabama, US",13805
"Butler, Alabama, US",19448
"Walker, Alabama, US",63521
"Greene, Alabama, US",8111
"Bullock, Alabama, US",10101
"Chambers, Alabama, US",33254
"Lyon, Minnesota, US",25474
"Mille Lacs, Minnesota, US",26277
"Carlton, Minnesota, US",35871
"Haines Borough, Alaska, US",2530
"Juneau City and Borough, Alaska, US",31974
"Yukon-Koyukuk Census Area, Alaska, US",5230
"Denali Borough, Alaska, US",2097
"Hoonah-Angoon Census Area, Alaska, US",2148
"Wrangell City and Borough, Alaska, US",2502
"Pima, Arizona, US",1047279
"Gila, Arizona, US",54018
"Cochise, Arizona, US",125922
"Apache, Arizona, US",71887
"Yuma, Arizona, US",213787
"Navajo, Arizona, US",110924
"Clay, Arkansas, US",14551
"Drew, Arkansas, US",18219
"Randolph, Arkansas, US",17958
"Boone, Arkansas, US",37432
"Sullivan, Indiana, US",20669
"Tippecanoe, Indiana, US",195732
"Hamilton, Indiana, US",338011
"Bartholomew, Indiana, US",83779
"Fulton, Indiana, US",19974
"Noble, Indiana, US",47744
"Clark, Indiana, US",118302
"Hendricks, Indiana, US",170311
"Grant, Indiana, US",65769
"Jackson, Indiana, US",44231
"Owen, Indiana, US",20799
"Whitley, Indiana, US",33964
"Clinton, Indiana, US",32399
"Union, Indiana, US",7054
"Dearborn, Indiana, US",49458
"Lawrence, Indiana, US",45370
"Perry, Indiana, US",19169
"Posey, Indiana, US",25427
"Carroll, Indiana, US",20257
"Fountain, Indiana, US",16346
"Starke, Indiana, US",22995
"Greene, Indiana, US",31922
"Benton, Iowa, US",25645
"Dubuque, Iowa, US",97311
"Pocahontas, Iowa, US",6619
"Van Buren, Iowa, US",7044
"Adams, Iowa, US",3602
"Audubon, Iowa, US",5496
"Davis, Iowa, US",9000
"Ida, Iowa, US",6860
"Monroe, Iowa, US",7707
"Sioux, Iowa, US",34855
"Calhoun, Iowa, US",9668
"Cerro Gordo, Iowa, US",42450
"Hardin, Iowa, US",16846
"Lucas, Iowa, US",8600
"Palo Alto, Iowa, US",8886
"Henry, Iowa, US",19954
"Jasper, Iowa, US",37185
"Marion, Iowa, US",33253
"Washington, Iowa, US",21965
"Wright, Iowa, US",12562
"Cass, Iowa, US",12836
"Cherokee, Iowa, US",11235
"Crawford, Iowa, US",16820
"Des Moines, Iowa, US",38967
"Fayette, Iowa, US",19650
"Harrison, Iowa, US",14049
"Kossuth, Iowa, US",14813
"Mills, Iowa, US",15109
"Monona, Iowa, US",8615
"Muscatine, Iowa, US",42664
"Osceola, Iowa, US",5958
"Polk, Iowa, US",490161
"Webster, Iowa, US",35904
"Story, Iowa, US",97117
"Woodbury, Iowa, US",103107
"Black Hawk, Iowa, US",131228
"Grundy, Iowa, US",12232
"Jones, Iowa, US",20681
"Mitchell, Iowa, US",10586
"Montgomery, Iowa, US",9917
"Sac, Iowa, US",9721
"Plymouth, Iowa, US",25177
"Buchanan, Iowa, US",21175
"Clinton, Iowa, US",46429
"Decatur, Iowa, US",7870
"Jefferson, Iowa, US",18295
"Allamakee, Iowa, US",13687
"Linn, Iowa, US",226706
"Dallas, Iowa, US",93453
"O'Brien, Iowa, US",13753
"Stanton, Kansas, US",2006
"Meade, Kansas, US",4033
"Montgomery, Kansas, US",31829
"Pratt, Kansas, US",9164
"Rawlins, Kansas, US",2530
"Anderson, Kansas, US",7858
"Ellsworth, Kansas, US",6102
"Geary, Kansas, US",31670
"Ford, Kansas, US",33619
"Russell, Kansas, US",6856
"Lawrence, Mississippi, US",12586
"Perry, Mississippi, US",11973
"Chickasaw, Mississippi, US",17103
"Carroll, Mississippi, US",9947
"George, Mississippi, US",24500
"Grenada, Mississippi, US",20758
"Jefferson, Mississippi, US",6990
"Newton, Mississippi, US",21018
"Prentiss, Mississippi, US",25126
"Sharkey, Mississippi, US",4321
"Choctaw, Mississippi, US",8210
"Hancock, Mississippi, US",47632
"Itawamba, Mississippi, US",23390
"Issaquena, Mississippi, US",1327
"Jackson, Mississippi, US",143617
"Leflore, Mississippi, US",28183
"Tunica, Mississippi, US",9632
"Claiborne, Mississippi, US",8988
"Harrison, Mississippi, US",208080
"Lauderdale, Mississippi, US",74125
"Lincoln, Mississippi, US",34153
"Simpson, Mississippi, US",26658
"Winston, Mississippi, US",17955
"Attala, Mississippi, US",18174
"Lamar, Mississippi, US",63343
"Lee, Mississippi, US",85436
"Tallahatchie, Mississippi, US",13809
"Smith, Mississippi, US",15916
"Warren, Mississippi, US",45381
"Clarke, Mississippi, US",15541
"Montgomery, Mississippi, US",9775
"Oktibbeha, Mississippi, US",49587
"Webster, Mississippi, US",9689
"Alcorn, Mississippi, US",36953
"Clay, Mississippi, US",19316
"Covington, Mississippi, US",18636
"Humphreys, Mississippi, US",8064
"Dauphin, Pennsylvania, US",278299
"Franklin, Pennsylvania, US",155027
"Union, Pennsylvania, US",44923
"Wayne, Pennsylvania, US",51361
"Bedford, Pennsylvania, US",47888
"Monroe, Pennsylvania, US",170271
"Washington, Mississippi, US",43909
"Huntingdon, Pennsylvania, US",45144
"Washington, Pennsylvania, US",206865
"Philadelphia, Pennsylvania, US",1584064
"York, Pennsylvania, US",449058
"Indiana, Pennsylvania, US",84073
"Archer, Texas, US",8553
"Brewster, Texas, US",9203
"Hidalgo, Texas, US",868707
"Smith, Texas, US",232751
"Crockett, Texas, US",3464
"Haskell, Texas, US",5658
"Howard, Texas, US",36664
"Mills, Texas, US",4873
"Montague, Texas, US",19818
"Panola, Texas, US",23194
"Sabine, Texas, US",10542
"Sherman, Texas, US",3022
"Swisher, Texas, US",7397
"Hunt, Texas, US",98594
"Camp, Texas, US",13094
"Hansford, Texas, US",5399
"Guadalupe, Texas, US",166847
"Clay, Texas, US",10471
"Hartley, Texas, US",5576
"Hale, Texas, US",33406
"Shelby, Texas, US",25274
"Red River, Texas, US",12023
"Runnels, Texas, US",10264
"Sutton, Texas, US",3776
"Tom Green, Texas, US",119200
"Victoria, Texas, US",92084
"Wharton, Texas, US",41556
"Wichita, Texas, US",132230
"Borden, Texas, US",654
"Marion, Texas, US",9854
"Maverick, Texas, US",58722
"Grayson, Texas, US",136212
"Live Oak, Texas, US",12207
"Palo Pinto, Texas, US",29189
"Karnes, Texas, US",15601
"DeWitt, Texas, US",20160
"Callahan, Texas, US",13943
"Cass, Texas, US",30026
"Gregg, Texas, US",123945
"Madison, Texas, US",14284
"Lubbock, Texas, US",310569
"Kaufman, Texas, US",136154
"Kendall, Texas, US",47431
"Floyd, Texas, US",5712
"Bailey, Texas, US",7000
"Chambers, Texas, US",43837
"Bell, Texas, US",362924
"Cameron, Texas, US",423163
"Deaf Smith, Texas, US",18546
"El Paso, Texas, US",839238
"La Salle, Texas, US",7520
"Terrell, Texas, US",776
"Tyler, Texas, US",21672
"Wheeler, Texas, US",5056
"Hill, Texas, US",36649
"Limestone, Texas, US",23437
"Nacogdoches, Texas, US",65204
